tournament_id,match_id,stage_name,group_stage,knockout_stage,match_date,match_time,match_datetime,city_name,country_name,home_team_id,home_team_name,home_team_code,away_team_id,away_team_name,away_team_code,home_team_score,away_team_score,home_team_score_margin,away_team_score_margin,extra_time,penalty_shootout,temp0,temp1,temp2,atemp0,atemp1,atemp2,humid0,humid1,humid2,wind0,wind1,wind2
WC-2002,M-2002-01,group stage,1,0,2002-05-31,20:30,2002-05-31 20:30:00,Seoul,South Korea,T-30,France,FRA,T-65,Senegal,SEN,0,1,-1,1,0,0,17.914,17.214,16.964,18.616817,17.909658,17.61865,90.94624,93.252205,93.53798,10.483357,9.693296,9.422101
WC-2002,M-2002-02,group stage,1,0,2002-06-01,15:30,2002-06-01 15:30:00,Niigata,Japan,T-60,Republic of Ireland,IRL,T-11,Cameroon,CMR,1,1,0,0,0,0,22.896,22.796,22.246,25.079369,24.00599,23.473368,65.32017,66.56063,69.92575,6.9153743,6.638072,7.10031
WC-2002,M-2002-03,group stage,1,0,2002-06-01,18:00,2002-06-01 18:00:00,Ulsan,South Korea,T-84,Uruguay,URY,T-22,Denmark,DNK,1,2,-1,1,0,0,22.579498,21.329498,20.2295,24.094587,22.778091,22.285048,76.21286,80.20872,84.48504,10.1376915,9.3669195,4.452954
WC-2002,M-2002-04,group stage,1,0,2002-06-01,20:30,2002-06-01 20:30:00,Sapporo,Japan,T-31,Germany,DEU,T-63,Saudi Arabia,SAU,8,0,8,-8,0,0,14.346,13.296,12.696,14.280176,12.440937,11.636106,87.7803,91.53272,92.40702,5.4833565,10.009036,10.44
WC-2002,M-2002-05,group stage,1,0,2002-06-02,14:30,2002-06-02 14:30:00,Ibaraki,Japan,T-03,Argentina,ARG,T-50,Nigeria,NGA,1,0,1,-1,0,0,26.8925,26.6925,25.7925,28.115913,26.782137,25.28823,41.430252,41.374634,43.348465,9.021574,9.178235,8.557102
WC-2002,M-2002-06,group stage,1,0,2002-06-02,16:30,2002-06-02 16:30:00,Busan,South Korea,T-55,Paraguay,PRY,T-70,South Africa,ZAF,2,2,0,0,0,0,21.393,20.593,19.942999,23.111946,22.562204,22.043865,83.29719,87.220406,90.22699,12.287555,7.7043357,6.489992
WC-2002,M-2002-07,group stage,1,0,2002-06-02,18:30,2002-06-02 18:30:00,Saitama,Japan,T-28,England,ENG,T-74,Sweden,SWE,1,1,0,0,0,0,23.456501,22.5565,21.5065,24.112267,23.742178,23.275414,62.784584,68.0118,76.04334,9.504273,6.989936,5.1544156
WC-2002,M-2002-08,group stage,1,0,2002-06-02,20:30,2002-06-02 20:30:00,Gwangju,South Korea,T-73,Spain,ESP,T-69,Slovenia,SVN,3,1,2,-2,0,0,21.0075,20.3075,19.7075,24.295654,23.509356,22.693527,91.71605,94.57474,95.440285,2.6208394,2.5455842,2.5455842
WC-2002,M-2002-11,group stage,1,0,2002-06-03,20:30,2002-06-03 20:30:00,Sapporo,Japan,T-41,Italy,ITA,T-25,Ecuador,ECU,2,0,2,-2,0,0,13.496,12.646,11.796,12.930834,11.705752,10.500692,93.98219,95.82004,97.39204,9.360001,10.703569,11.841756
WC-2002,M-2002-09,group stage,1,0,2002-06-03,15:30,2002-06-03 15:30:00,Niigata,Japan,T-18,Croatia,HRV,T-46,Mexico,MEX,0,1,-1,1,0,0,21.096,20.596,19.996,21.412464,20.01991,19.402164,50.256687,53.22593,56.72243,7.386582,7.289445,6.489992
WC-2002,M-2002-10,group stage,1,0,2002-06-03,18:00,2002-06-03 18:00:00,Ulsan,South Korea,T-09,Brazil,BRA,T-80,Turkey,TUR,2,1,1,-1,0,0,21.9795,21.379501,20.379501,23.766342,23.780512,22.913477,78.7991,81.486465,87.475075,8.12197,3.7585104,3.319036
WC-2002,M-2002-12,group stage,1,0,2002-06-04,15:30,2002-06-04 15:30:00,Gwangju,South Korea,T-14,China,CHN,T-17,Costa Rica,CRI,0,2,-2,2,0,0,29.1575,29.0075,28.5575,30.59594,29.700058,28.76669,39.297752,40.157543,42.710808,9.511088,9.511088,9.085988
WC-2002,M-2002-13,group stage,1,0,2002-06-04,18:00,2002-06-04 18:00:00,Saitama,Japan,T-44,Japan,JPN,T-06,Belgium,BEL,2,2,0,0,0,0,24.4065,23.1065,21.956501,24.81538,25.109169,24.155548,60.253685,68.77188,77.56697,11.885453,3.396233,4.452954
WC-2002,M-2002-14,group stage,1,0,2002-06-04,20:30,2002-06-04 20:30:00,Busan,South Korea,T-71,South Korea,KOR,T-57,Poland,POL,2,0,2,-2,0,0,19.843,19.192999,18.543,22.366428,21.522846,20.733294,89.65515,93.93844,95.40049,2.968636,4.6102495,4.3349743
WC-2002,M-2002-17,group stage,1,0,2002-06-05,20:30,2002-06-05 20:30:00,Ibaraki,Japan,T-31,Germany,DEU,T-60,Republic of Ireland,IRL,1,1,0,0,0,0,21.4925,19.6425,18.1925,21.96288,20.730946,19.030268,68.234665,78.96483,85.07462,9.255571,6.379216,7.42159
WC-2002,M-2002-15,group stage,1,0,2002-06-05,15:30,2002-06-05 15:30:00,Kobe,Japan,T-62,Russia,RUS,T-79,Tunisia,TUN,2,0,2,-2,0,0,29.1955,28.2955,27.1455,30.145988,28.793621,27.658552,42.06701,49.407818,57.00551,13.324863,14.440443,16.09969
WC-2002,M-2002-16,group stage,1,0,2002-06-05,18:00,2002-06-05 18:00:00,Suwon,South Korea,T-83,United States,USA,T-58,Portugal,PRT,3,2,1,-1,0,0,27.684,25.734,23.684,28.688164,26.791447,24.888206,52.81141,59.423264,64.86621,10.587918,10.383987,7.7879906
WC-2002,M-2002-20,group stage,1,0,2002-06-06,20:30,2002-06-06 20:30:00,Busan,South Korea,T-30,France,FRA,T-84,Uruguay,URY,0,0,0,0,0,0,20.393,19.293,18.043,22.244518,21.284374,19.980938,81.36059,87.65441,92.41044,4.5536795,3.8939953,3.096837
WC-2002,M-2002-19,group stage,1,0,2002-06-06,18:00,2002-06-06 18:00:00,Saitama,Japan,T-11,Cameroon,CMR,T-63,Saudi Arabia,SAU,1,0,1,-1,0,0,24.0565,22.4065,21.1065,22.502691,21.355593,20.51017,47.18316,54.937786,63.68821,15.124284,13.493999,12.88981
WC-2002,M-2002-18,group stage,1,0,2002-06-06,15:30,2002-06-06 15:30:00,Daegu,South Korea,T-22,Denmark,DNK,T-65,Senegal,SEN,1,1,0,0,0,0,33.5535,33.1035,32.2535,33.44891,32.256947,30.431324,21.245192,23.545357,25.542059,10.08,11.212135,12.6462
WC-2002,M-2002-21,group stage,1,0,2002-06-07,15:30,2002-06-07 15:30:00,Kobe,Japan,T-74,Sweden,SWE,T-50,Nigeria,NGA,2,1,1,-1,0,0,25.5455,25.4455,24.6955,28.249588,27.089413,26.385355,71.42559,68.79577,73.52252,12.979984,13.237039,13.684735
WC-2002,M-2002-22,group stage,1,0,2002-06-07,18:00,2002-06-07 18:00:00,Jeonju,South Korea,T-73,Spain,ESP,T-55,Paraguay,PRY,3,1,2,-2,0,0,26.716,25.016,23.216,27.749966,26.26782,24.735687,58.17104,62.93057,69.88896,12.287555,9.746631,7.771331
WC-2002,M-2002-23,group stage,1,0,2002-06-07,20:30,2002-06-07 20:30:00,Sapporo,Japan,T-03,Argentina,ARG,T-28,England,ENG,0,1,-1,1,0,0,16.696,15.696,15.196,15.584019,14.452402,13.615532,76.50724,78.90739,78.83446,13.104198,12.88981,14.113652
WC-2002,M-2002-24,group stage,1,0,2002-06-08,15:30,2002-06-08 15:30:00,Daegu,South Korea,T-70,South Africa,ZAF,T-69,Slovenia,SVN,1,0,1,-1,0,0,30.5035,30.4035,29.8035,30.80553,29.772156,29.227085,35.5426,34.487564,35.46376,10.685391,10.799999,10.195057
WC-2002,M-2002-25,group stage,1,0,2002-06-08,18:00,2002-06-08 18:00:00,Ibaraki,Japan,T-41,Italy,ITA,T-18,Croatia,HRV,1,2,-1,1,0,0,25.6425,24.092499,22.3925,25.23346,24.707201,23.508642,50.30692,58.848194,69.95368,13.049689,8.654986,8.28
WC-2002,M-2002-26,group stage,1,0,2002-06-08,20:30,2002-06-08 20:30:00,Seogwipo,South Korea,T-09,Brazil,BRA,T-14,China,CHN,4,0,4,-4,0,0,22.2525,21.5025,20.6025,25.758617,25.127253,24.02765,85.49535,90.8979,94.293465,1.4399999,1.484318,1.835647
WC-2002,M-2002-28,group stage,1,0,2002-06-09,18:00,2002-06-09 18:00:00,Incheon,South Korea,T-17,Costa Rica,CRI,T-80,Turkey,TUR,1,1,0,0,0,0,19.5745,18.874498,18.5245,20.345818,20.33465,20.45653,88.23419,90.722595,92.72989,13.397612,7.928178,4.6938252
WC-2002,M-2002-29,group stage,1,0,2002-06-09,20:30,2002-06-09 20:30:00,Yokohama,Japan,T-44,Japan,JPN,T-62,Russia,RUS,1,0,1,-1,0,0,22.111,20.911001,21.661001,22.87731,22.639296,23.549376,70.34622,80.91486,74.16547,10.163227,6.638072,3.6179552
WC-2002,M-2002-27,group stage,1,0,2002-06-09,15:30,2002-06-09 15:30:00,Miyagi,Japan,T-46,Mexico,MEX,T-25,Ecuador,ECU,2,1,1,-1,0,0,23.2975,22.6475,21.8975,19.341793,18.06823,18.394009,42.511288,42.044643,47.69593,32.039997,30.302078,24.703976
WC-2002,M-2002-30,group stage,1,0,2002-06-10,15:30,2002-06-10 15:30:00,Daegu,South Korea,T-71,South Korea,KOR,T-83,United States,USA,1,1,0,0,0,0,24.5535,24.2535,24.1535,26.675573,26.250393,26.416935,80.14225,82.09819,84.643875,15.119999,16.343367,15.986595
WC-2002,M-2002-31,group stage,1,0,2002-06-10,18:00,2002-06-10 18:00:00,Ōita,Japan,T-79,Tunisia,TUN,T-06,Belgium,BEL,1,1,0,0,0,0,23.830502,23.1805,22.6305,26.480282,25.929487,25.324234,88.04623,91.00729,94.08988,14.565548,13.513193,13.896187
WC-2002,M-2002-32,group stage,1,0,2002-06-10,20:30,2002-06-10 20:30:00,Jeonju,South Korea,T-58,Portugal,PRT,T-57,Poland,POL,4,0,4,-4,0,0,24.216,23.716,23.466,26.027227,25.811745,25.774305,88.88685,93.56708,94.69931,22.366402,21.794127,20.140705
WC-2002,M-2002-33,group stage,1,0,2002-06-11,15:30,2002-06-11 15:30:00,Incheon,South Korea,T-22,Denmark,DNK,T-30,France,FRA,2,0,2,-2,0,0,22.124498,21.474499,20.974499,22.3351,21.291052,20.27491,59.141304,62.542576,66.39592,17.917007,16.575644,15.03835
WC-2002,M-2002-34,group stage,1,0,2002-06-11,15:30,2002-06-11 15:30:00,Suwon,South Korea,T-65,Senegal,SEN,T-84,Uruguay,URY,3,3,0,0,0,0,23.533998,23.234,22.834,22.932484,22.04233,21.102636,44.61176,43.355408,43.974045,16.954432,14.973576,12.10157
WC-2002,M-2002-35,group stage,1,0,2002-06-11,20:30,2002-06-11 20:30:00,Shizuoka,Japan,T-11,Cameroon,CMR,T-31,Germany,DEU,0,2,-2,2,0,0,22.26,22.41,22.56,24.073797,24.132547,24.763533,98.78925,98.79062,97.003944,21.566973,22.771244,18.892282
WC-2002,M-2002-36,group stage,1,0,2002-06-11,20:30,2002-06-11 20:30:00,Yokohama,Japan,T-63,Saudi Arabia,SAU,T-60,Republic of Ireland,IRL,0,3,-3,3,0,0,22.961,22.861,22.861,21.627853,20.937363,20.636093,90.437256,90.70812,90.15339,40.315178,44.180374,45.878464
WC-2002,M-2002-40,group stage,1,0,2002-06-12,20:30,2002-06-12 20:30:00,Daejeon,South Korea,T-70,South Africa,ZAF,T-73,Spain,ESP,2,3,-1,1,0,0,19.929,19.279001,18.979,21.42312,20.27507,19.521385,93.971344,95.72484,93.92882,12.682018,14.973576,16.203999
WC-2002,M-2002-39,group stage,1,0,2002-06-12,20:30,2002-06-12 20:30:00,Seogwipo,South Korea,T-69,Slovenia,SVN,T-55,Paraguay,PRY,1,3,-2,2,0,0,23.302502,22.6025,22.1525,26.052439,25.532196,25.222569,86.92763,90.96983,93.49341,11.183201,10.137692,9.178235
WC-2002,M-2002-37,group stage,1,0,2002-06-12,15:30,2002-06-12 15:30:00,Osaka,Japan,T-50,Nigeria,NGA,T-28,England,ENG,0,0,0,0,0,0,28.0505,27.9505,27.5005,27.85693,26.95859,26.570877,41.078594,36.4823,37.330807,11.770403,10.365251,9.83268
WC-2002,M-2002-38,group stage,1,0,2002-06-12,15:30,2002-06-12 15:30:00,Miyagi,Japan,T-74,Sweden,SWE,T-03,Argentina,ARG,1,1,0,0,0,0,16.8475,16.0475,15.6475,16.294455,15.588999,15.081001,80.11174,82.39184,82.883255,11.252519,9.779817,9.826088
WC-2002,M-2002-41,group stage,1,0,2002-06-13,15:30,2002-06-13 15:30:00,Suwon,South Korea,T-17,Costa Rica,CRI,T-09,Brazil,BRA,2,5,-3,3,0,0,21.033998,20.684,20.434,20.43076,19.829378,19.564398,64.0866,63.802067,65.00401,14.081478,13.75558,13.979871
WC-2002,M-2002-42,group stage,1,0,2002-06-13,15:30,2002-06-13 15:30:00,Seoul,South Korea,T-80,Turkey,TUR,T-14,China,CHN,3,0,3,-3,0,0,21.964,21.414,21.314001,21.421856,20.82492,20.743061,60.26605,62.93562,63.527893,14.332341,13.1041975,13.1041975
WC-2002,M-2002-43,group stage,1,0,2002-06-13,20:30,2002-06-13 20:30:00,Yokohama,Japan,T-25,Ecuador,ECU,T-18,Croatia,HRV,1,0,1,-1,0,0,19.711,19.411001,19.211,20.017727,19.491144,19.473293,85.23405,86.83728,87.64717,15.349684,16.904673,15.509274
WC-2002,M-2002-44,group stage,1,0,2002-06-13,20:30,2002-06-13 20:30:00,Ōita,Japan,T-46,Mexico,MEX,T-41,Italy,ITA,1,1,0,0,0,0,25.830502,24.330502,23.580502,30.512165,28.219841,27.739248,78.37614,78.64407,83.80545,0.8049845,1.1384199,0.35999998
WC-2002,M-2002-45,group stage,1,0,2002-06-14,15:30,2002-06-14 15:30:00,Shizuoka,Japan,T-06,Belgium,BEL,T-62,Russia,RUS,3,2,1,-1,0,0,23.11,22.460001,21.76,26.041452,25.426586,24.699968,89.89515,90.4028,91.761185,11.252519,9.007196,7.5942073
WC-2002,M-2002-46,group stage,1,0,2002-06-14,15:30,2002-06-14 15:30:00,Osaka,Japan,T-79,Tunisia,TUN,T-44,Japan,JPN,0,2,-2,2,0,0,28.4505,27.7505,27.1005,29.203686,28.271416,28.465584,53.84482,54.179268,60.493065,16.563911,15.2947035,13.1041975
WC-2002,M-2002-47,group stage,1,0,2002-06-14,20:30,2002-06-14 20:30:00,Daejeon,South Korea,T-57,Poland,POL,T-83,United States,USA,3,1,2,-2,0,0,20.429,18.979,17.629002,20.563477,19.245941,18.098501,65.85311,73.23065,81.00128,7.5685663,7.2805495,6.519877
WC-2002,M-2002-48,group stage,1,0,2002-06-14,20:30,2002-06-14 20:30:00,Incheon,South Korea,T-58,Portugal,PRT,T-71,South Korea,KOR,0,1,-1,1,0,0,17.6745,17.0745,16.7745,17.815544,17.21534,17.081059,88.072136,90.59965,92.932175,12.287555,11.885453,11.019764
WC-2002,M-2002-50,round of 16,0,1,2002-06-15,20:30,2002-06-15 20:30:00,Niigata,Japan,T-22,Denmark,DNK,T-28,England,ENG,0,3,-3,3,0,0,20.146,19.546,19.596,22.359596,21.894398,21.81212,86.08924,91.627335,88.51457,4.0249224,4.3349743,3.7064266
WC-2002,M-2002-49,round of 16,0,1,2002-06-15,15:30,2002-06-15 15:30:00,Seogwipo,South Korea,T-31,Germany,DEU,T-55,Paraguay,PRY,1,0,1,-1,0,0,26.1525,25.8525,25.5025,28.362576,27.616861,26.668755,53.26506,55.97555,57.149906,10.661107,9.826088,7.2359104
WC-2002,M-2002-51,round of 16,0,1,2002-06-16,15:30,2002-06-16 15:30:00,Ōita,Japan,T-74,Sweden,SWE,T-65,Senegal,SEN,1,2,-1,1,1,0,28.980501,28.6805,27.6805,30.761723,29.653713,28.375626,38.490112,38.657967,43.726566,5.1544156,5.506941,4.6800003
WC-2002,M-2002-52,round of 16,0,1,2002-06-16,20:30,2002-06-16 20:30:00,Suwon,South Korea,T-73,Spain,ESP,T-60,Republic of Ireland,IRL,1,1,0,0,1,1,20.633999,19.133999,17.883999,21.819895,20.42294,19.43442,78.60576,86.26236,92.10843,8.217153,7.5170207,5.1544156
WC-2002,M-2002-53,round of 16,0,1,2002-06-17,15:30,2002-06-17 15:30:00,Jeonju,South Korea,T-46,Mexico,MEX,T-83,United States,USA,0,2,-2,2,0,0,26.066,26.316,25.566,28.730278,28.485481,27.053171,60.827118,58.813374,63.250072,8.4042845,9.0645685,9.9571085
WC-2002,M-2002-54,round of 16,0,1,2002-06-17,20:30,2002-06-17 20:30:00,Kobe,Japan,T-09,Brazil,BRA,T-06,Belgium,BEL,2,0,2,-2,0,0,22.3955,22.1455,22.095499,24.560844,24.400608,24.214947,85.24522,85.75028,85.745285,10.948973,9.826088,10.587917
WC-2002,M-2002-55,round of 16,0,1,2002-06-18,15:30,2002-06-18 15:30:00,Miyagi,Japan,T-44,Japan,JPN,T-80,Turkey,TUR,0,1,-1,1,0,0,16.8475,16.4475,16.3475,16.32288,15.769405,15.746069,99.36753,97.17298,97.48167,19.855558,18.792551,18.129137
WC-2002,M-2002-56,round of 16,0,1,2002-06-18,20:30,2002-06-18 20:30:00,Daejeon,South Korea,T-71,South Korea,KOR,T-41,Italy,ITA,2,1,1,-1,1,0,22.979,21.479,20.429,24.355486,22.61141,21.626812,69.623245,75.08151,79.58046,7.9036193,8.854829,8.12197
WC-2002,M-2002-57,quarter-finals,0,1,2002-06-21,15:30,2002-06-21 15:30:00,Shizuoka,Japan,T-28,England,ENG,T-09,Brazil,BRA,1,2,-1,1,0,0,27.76,27.31,26.41,28.381435,27.20612,26.126453,51.837032,54.92985,57.369095,19.85556,20.390114,19.8
WC-2002,M-2002-58,quarter-finals,0,1,2002-06-21,20:30,2002-06-21 20:30:00,Ulsan,South Korea,T-31,Germany,DEU,T-83,United States,USA,1,0,1,-1,0,0,21.6795,21.079498,20.7295,23.912039,22.806524,22.055292,86.23899,90.306984,91.41437,8.759178,12.7279215,14.982228
WC-2002,M-2002-60,quarter-finals,0,1,2002-06-22,20:30,2002-06-22 20:30:00,Osaka,Japan,T-65,Senegal,SEN,T-80,Turkey,TUR,0,1,-1,1,1,0,19.7505,18.8505,18.1005,20.054346,19.431988,18.695652,71.96023,79.10491,82.9096,8.209263,7.8625183,7.771331
WC-2002,M-2002-59,quarter-finals,0,1,2002-06-22,15:30,2002-06-22 15:30:00,Gwangju,South Korea,T-73,Spain,ESP,T-71,South Korea,KOR,0,0,0,0,1,1,28.9575,27.4075,26.1575,30.629414,27.927818,26.613724,46.386677,52.74108,57.67214,9.957108,13.584932,14.277983
WC-2002,M-2002-61,semi-finals,0,1,2002-06-25,20:30,2002-06-25 20:30:00,Seoul,South Korea,T-31,Germany,DEU,T-71,South Korea,KOR,1,0,1,-1,0,0,18.814001,17.564001,16.514,17.81303,16.344006,14.984482,56.80582,59.418427,61.61074,7.0911775,7.628263,8.905908
WC-2002,M-2002-62,semi-finals,0,1,2002-06-26,20:30,2002-06-26 20:30:00,Saitama,Japan,T-09,Brazil,BRA,T-80,Turkey,TUR,1,0,1,-1,0,0,16.3565,16.206501,16.1565,17.165796,16.950314,16.744238,89.389694,89.66715,89.6634,4.896529,5.0911684,6.0347
WC-2002,M-2002-63,third-place match,0,1,2002-06-29,20:00,2002-06-29 20:00:00,Daegu,South Korea,T-71,South Korea,KOR,T-80,Turkey,TUR,2,3,-1,1,0,0,23.2035,22.0035,21.0035,24.381325,23.353132,22.658821,65.5937,71.45308,76.93403,7.172949,6.5693827,5.0528407
WC-2002,M-2002-64,final,0,1,2002-06-30,20:00,2002-06-30 20:00:00,Yokohama,Japan,T-31,Germany,DEU,T-09,Brazil,BRA,0,2,-2,2,0,0,21.711,21.511,21.361,24.76538,23.931164,23.51169,91.758286,92.03046,92.30697,6.638072,10.464797,11.966954
WC-2006,M-2006-01,group stage,1,0,2006-06-09,18:00,2006-06-09 18:00:00,Munich,Germany,T-31,Germany,DEU,T-17,Costa Rica,CRI,4,2,2,-2,0,0,17.345,16.295,15.094999,16.063894,15.562082,13.977629,56.246563,64.52913,66.02542,6.162207,4.3498964,5.495161
WC-2006,M-2006-02,group stage,1,0,2006-06-09,21:00,2006-06-09 21:00:00,Gelsenkirchen,Germany,T-57,Poland,POL,T-25,Ecuador,ECU,0,2,-2,2,0,0,18.7255,17.4255,16.275501,17.810276,16.276432,14.87752,61.507973,63.920933,67.394905,8.759178,9.028754,10.137692
WC-2006,M-2006-03,group stage,1,0,2006-06-10,15:00,2006-06-10 15:00:00,Frankfurt,Germany,T-28,England,ENG,T-55,Paraguay,PRY,1,0,1,-1,0,0,21.779999,21.63,21.73,20.733786,19.490215,19.4847,42.370445,41.474606,40.251286,10.587917,11.043261,11.165805
WC-2006,M-2006-04,group stage,1,0,2006-06-10,18:00,2006-06-10 18:00:00,Dortmund,Germany,T-78,Trinidad and Tobago,TTO,T-74,Sweden,SWE,0,0,0,0,0,0,24.3215,23.171501,21.4715,23.983458,23.389751,21.313726,52.116436,59.58118,60.93861,10.8955765,9.605998,9.0645685
WC-2006,M-2006-05,group stage,1,0,2006-06-10,21:00,2006-06-10 21:00:00,Hamburg,Germany,T-03,Argentina,ARG,T-42,Ivory Coast,CIV,2,1,1,-1,0,0,18.8065,17.6065,16.6565,18.455189,17.250378,16.127934,70.85927,75.658966,79.046524,9.885262,9.565437,10.163227
WC-2006,M-2006-06,group stage,1,0,2006-06-11,15:00,2006-06-11 15:00:00,Leipzig,Germany,T-67,Serbia and Montenegro,SCG,T-48,Netherlands,NLD,0,1,-1,1,0,0,23.256,23.356,23.156,22.878233,22.375095,21.892805,43.07255,43.534576,45.10405,10.24578,10.24578,9.9571085
WC-2006,M-2006-07,group stage,1,0,2006-06-11,18:00,2006-06-11 18:00:00,Nuremberg,Germany,T-46,Mexico,MEX,T-38,Iran,IRN,3,1,2,-2,0,0,21.304,20.054,18.404,19.285149,18.40282,16.727186,45.808952,50.653572,56.324066,12.324414,10.464798,10.739833
WC-2006,M-2006-08,group stage,1,0,2006-06-11,21:00,2006-06-11 21:00:00,Cologne,Germany,T-02,Angola,AGO,T-58,Portugal,PRT,0,1,-1,1,0,0,19.102,18.052,17.252,17.26866,15.994041,14.868465,54.82407,56.424934,57.764473,12.287555,12.783802,14.277983
WC-2006,M-2006-09,group stage,1,0,2006-06-12,15:00,2006-06-12 15:00:00,Kaiserslautern,Germany,T-04,Australia,AUS,T-44,Japan,JPN,3,1,2,-2,0,0,25.446499,25.6465,25.4965,25.065187,24.76471,24.145565,41.711353,41.355377,42.00187,14.458382,13.905509,12.72283
WC-2006,M-2006-10,group stage,1,0,2006-06-12,18:00,2006-06-12 18:00:00,Gelsenkirchen,Germany,T-83,United States,USA,T-20,Czech Republic,CZE,0,3,-3,3,0,0,26.275501,25.0755,23.375502,26.10421,25.500887,23.502428,48.09187,53.84978,56.44765,11.119281,8.707237,8.587338
WC-2006,M-2006-11,group stage,1,0,2006-06-12,21:00,2006-06-12 21:00:00,Hanover,Germany,T-41,Italy,ITA,T-32,Ghana,GHA,2,0,2,-2,0,0,21.078499,19.728498,18.578499,21.150492,19.764774,18.540798,63.270115,67.65969,71.9798,7.9932966,7.6367526,7.7879906
WC-2006,M-2006-13,group stage,1,0,2006-06-13,18:00,2006-06-13 18:00:00,Stuttgart,Germany,T-30,France,FRA,T-75,Switzerland,CHE,0,0,0,0,0,0,26.6155,24.9655,23.265501,27.256344,27.448172,24.057812,46.350887,66.16928,60.568996,4.8965297,3.6,6.5693827
WC-2006,M-2006-14,group stage,1,0,2006-06-13,21:00,2006-06-13 21:00:00,Berlin,Germany,T-09,Brazil,BRA,T-18,Croatia,HRV,1,0,1,-1,0,0,21.987,20.587,19.437,21.238651,19.601496,18.44997,53.05885,55.202297,58.494926,9.346143,9.47012,9.0645685
WC-2006,M-2006-12,group stage,1,0,2006-06-13,15:00,2006-06-13 15:00:00,Frankfurt,Germany,T-71,South Korea,KOR,T-77,Togo,TGO,2,1,1,-1,0,0,28.679998,28.58,28.23,28.585468,27.709826,27.154417,30.773497,30.849056,32.55429,6.9153743,7.42159,7.8954163
WC-2006,M-2006-16,group stage,1,0,2006-06-14,18:00,2006-06-14 18:00:00,Munich,Germany,T-79,Tunisia,TUN,T-63,Saudi Arabia,SAU,2,2,0,0,0,0,24.445,22.295,21.494999,25.105322,24.34741,23.410313,49.18242,69.49177,73.90236,2.1897945,1.2979984,2.8116899
WC-2006,M-2006-17,group stage,1,0,2006-06-14,21:00,2006-06-14 21:00:00,Dortmund,Germany,T-31,Germany,DEU,T-57,Poland,POL,1,0,1,-1,0,0,20.6215,19.521502,18.421501,20.628311,19.259504,18.253777,72.5819,74.757286,77.77856,12.783802,13.044722,11.246759
WC-2006,M-2006-15,group stage,1,0,2006-06-14,15:00,2006-06-14 15:00:00,Leipzig,Germany,T-73,Spain,ESP,T-81,Ukraine,UKR,4,0,4,-4,0,0,28.756,28.756,28.606,30.445122,29.50655,28.57579,35.52096,35.05584,34.89849,1.5273507,2.3051248,3.563818
WC-2006,M-2006-20,group stage,1,0,2006-06-15,21:00,2006-06-15 21:00:00,Berlin,Germany,T-74,Sweden,SWE,T-55,Paraguay,PRY,1,0,1,-1,0,0,22.337,21.137,20.237,24.548,23.219862,22.258718,78.11232,83.00654,86.3695,5.8603754,6.12,5.771239
WC-2006,M-2006-19,group stage,1,0,2006-06-15,18:00,2006-06-15 18:00:00,Nuremberg,Germany,T-28,England,ENG,T-78,Trinidad and Tobago,TTO,2,0,2,-2,0,0,26.454,25.354,24.304,28.261276,28.256996,25.752213,56.6587,70.29182,60.038063,5.00128,5.0528407,4.3349743
WC-2006,M-2006-18,group stage,1,0,2006-06-15,15:00,2006-06-15 15:00:00,Hamburg,Germany,T-25,Ecuador,ECU,T-17,Costa Rica,CRI,3,0,3,-3,0,0,22.956501,23.456501,23.6565,23.888895,24.492517,25.296228,66.805916,65.85565,65.480865,9.007196,9.007196,5.1544156
WC-2006,M-2006-21,group stage,1,0,2006-06-16,15:00,2006-06-16 15:00:00,Gelsenkirchen,Germany,T-03,Argentina,ARG,T-67,Serbia and Montenegro,SCG,6,0,6,-6,0,0,17.7255,17.525501,16.9255,15.22263,14.825169,14.488823,53.191948,52.599518,54.26257,13.708391,14.458382,12.4811535
WC-2006,M-2006-22,group stage,1,0,2006-06-16,18:00,2006-06-16 18:00:00,Stuttgart,Germany,T-48,Netherlands,NLD,T-42,Ivory Coast,CIV,2,1,1,-1,0,0,21.7155,20.9155,20.9655,22.931065,22.374008,22.543888,77.530815,79.899994,78.65364,10.464797,7.9036193,6.489992
WC-2006,M-2006-23,group stage,1,0,2006-06-16,21:00,2006-06-16 21:00:00,Hanover,Germany,T-46,Mexico,MEX,T-02,Angola,AGO,0,0,0,0,0,0,14.6785,14.278501,13.9285,14.029079,13.482958,13.193953,76.69232,77.14172,77.8639,5.815978,6.2145634,5.3999996
WC-2006,M-2006-24,group stage,1,0,2006-06-17,15:00,2006-06-17 15:00:00,Frankfurt,Germany,T-58,Portugal,PRT,T-38,Iran,IRN,2,0,2,-2,0,0,21.08,20.83,20.08,19.441942,19.006876,18.300024,56.804028,56.742096,56.74333,15.876775,16.595179,14.799459
WC-2006,M-2006-25,group stage,1,0,2006-06-17,18:00,2006-06-17 18:00:00,Cologne,Germany,T-20,Czech Republic,CZE,T-32,Ghana,GHA,0,2,-2,2,0,0,21.252,20.702,19.352,20.51372,20.720375,20.236792,51.82671,58.415737,75.21199,7.072878,4.68,5.00128
WC-2006,M-2006-26,group stage,1,0,2006-06-17,21:00,2006-06-17 21:00:00,Kaiserslautern,Germany,T-41,Italy,ITA,T-83,United States,USA,1,1,0,0,0,0,19.0465,17.696499,16.2465,18.445976,17.061237,15.589508,61.378994,67.242355,75.68439,7.172949,7.628263,8.647496
WC-2006,M-2006-28,group stage,1,0,2006-06-18,18:00,2006-06-18 18:00:00,Munich,Germany,T-09,Brazil,BRA,T-04,Australia,AUS,2,0,2,-2,0,0,24.945,23.895,22.895,26.701492,26.29578,24.640476,60.18694,70.45876,71.165,4.0249224,4.1046314,6.162207
WC-2006,M-2006-29,group stage,1,0,2006-06-18,21:00,2006-06-18 21:00:00,Leipzig,Germany,T-30,France,FRA,T-71,South Korea,KOR,1,1,0,0,0,0,19.756,18.656,17.806,20.11186,18.768143,17.627745,72.427086,75.09695,76.93245,8.12197,8.534353,9.422101
WC-2006,M-2006-27,group stage,1,0,2006-06-18,15:00,2006-06-18 15:00:00,Nuremberg,Germany,T-44,Japan,JPN,T-18,Croatia,HRV,0,0,0,0,0,0,26.454,26.604,26.554,27.903908,27.578968,27.244522,41.717236,42.171448,42.853107,4.072935,2.6208394,1.5273507
WC-2006,M-2006-30,group stage,1,0,2006-06-19,15:00,2006-06-19 15:00:00,Dortmund,Germany,T-77,Togo,TGO,T-75,Switzerland,CHE,0,2,-2,2,0,0,24.9715,22.3215,21.021502,26.821775,24.062443,22.008419,69.13403,79.34304,85.905815,12.10157,9.826088,15.0038395
WC-2006,M-2006-31,group stage,1,0,2006-06-19,18:00,2006-06-19 18:00:00,Hamburg,Germany,T-63,Saudi Arabia,SAU,T-81,Ukraine,UKR,0,4,-4,4,0,0,21.956501,21.206501,20.6565,23.300526,23.162306,22.48332,81.30482,84.85599,85.064415,12.661564,8.311245,7.628263
WC-2006,M-2006-32,group stage,1,0,2006-06-19,21:00,2006-06-19 21:00:00,Stuttgart,Germany,T-73,Spain,ESP,T-79,Tunisia,TUN,3,1,2,-2,0,0,22.0655,21.0655,20.3655,24.064032,22.782467,22.239737,77.5833,79.16694,80.84338,6.162207,6.130579,4.0249224
WC-2006,M-2006-33,group stage,1,0,2006-06-20,16:00,2006-06-20 16:00:00,Hanover,Germany,T-17,Costa Rica,CRI,T-57,Poland,POL,1,2,-1,1,0,0,23.978498,23.828499,23.6785,24.671764,24.115673,24.463419,62.9005,60.31206,61.05399,10.703569,11.269782,7.9932966
WC-2006,M-2006-34,group stage,1,0,2006-06-20,16:00,2006-06-20 16:00:00,Berlin,Germany,T-25,Ecuador,ECU,T-31,Germany,DEU,0,3,-3,3,0,0,26.286999,26.337,26.087,27.82375,28.032936,28.127651,61.26088,59.93993,60.831917,10.144082,8.12197,5.7599998
WC-2006,M-2006-35,group stage,1,0,2006-06-20,21:00,2006-06-20 21:00:00,Kaiserslautern,Germany,T-55,Paraguay,PRY,T-78,Trinidad and Tobago,TTO,2,0,2,-2,0,0,21.2965,20.2465,19.0965,22.912283,22.054825,20.781826,77.71308,83.42686,89.03464,6.618519,5.6002855,6.151683
WC-2006,M-2006-36,group stage,1,0,2006-06-20,21:00,2006-06-20 21:00:00,Cologne,Germany,T-74,Sweden,SWE,T-28,England,ENG,2,2,0,0,0,0,19.952,19.402,18.952,21.59784,20.954037,20.325874,84.18821,86.56208,88.46127,6.28713,6.638072,7.5685663
WC-2006,M-2006-40,group stage,1,0,2006-06-21,21:00,2006-06-21 21:00:00,Frankfurt,Germany,T-48,Netherlands,NLD,T-03,Argentina,ARG,0,0,0,0,0,0,22.529999,21.13,20.48,25.561121,23.269907,23.143345,80.87235,84.31792,86.66458,2.6208394,6.489992,2.2768397
WC-2006,M-2006-39,group stage,1,0,2006-06-21,21:00,2006-06-21 21:00:00,Munich,Germany,T-42,Ivory Coast,CIV,T-67,Serbia and Montenegro,SCG,3,2,1,-1,0,0,18.744999,18.295,18.095,20.394232,19.900566,20.01119,93.32837,95.99537,95.68678,7.5942073,7.8954163,5.0142193
WC-2006,M-2006-38,group stage,1,0,2006-06-21,16:00,2006-06-21 16:00:00,Gelsenkirchen,Germany,T-58,Portugal,PRT,T-46,Mexico,MEX,2,1,1,-1,0,0,18.375502,18.4255,18.625502,16.244392,16.100292,16.169983,69.62976,68.9587,67.21315,20.497883,21.599998,22.039528
WC-2006,M-2006-37,group stage,1,0,2006-06-21,16:00,2006-06-21 16:00:00,Leipzig,Germany,T-38,Iran,IRN,T-02,Angola,AGO,1,1,0,0,0,0,25.556,24.806,24.456,25.863157,25.654047,25.883554,62.654217,64.89989,66.69078,17.555307,13.392774,9.726664
WC-2006,M-2006-41,group stage,1,0,2006-06-22,16:00,2006-06-22 16:00:00,Hamburg,Germany,T-20,Czech Republic,CZE,T-41,Italy,ITA,0,2,-2,2,0,0,17.4065,17.3065,16.956501,13.624701,13.5805435,13.61216,56.452698,57.389244,59.07198,23.510508,23.4,20.966715
WC-2006,M-2006-42,group stage,1,0,2006-06-22,16:00,2006-06-22 16:00:00,Nuremberg,Germany,T-32,Ghana,GHA,T-83,United States,USA,2,1,1,-1,0,0,21.904,21.554,20.954,20.33679,20.187197,19.960165,57.75665,59.391216,61.617184,17.731598,16.595179,14.04
WC-2006,M-2006-43,group stage,1,0,2006-06-22,21:00,2006-06-22 21:00:00,Stuttgart,Germany,T-18,Croatia,HRV,T-04,Australia,AUS,2,2,0,0,0,0,18.1655,17.7155,17.3155,17.604176,16.807905,16.280096,70.738144,69.27232,63.683716,9.826088,10.514218,7.928177
WC-2006,M-2006-44,group stage,1,0,2006-06-22,21:00,2006-06-22 21:00:00,Dortmund,Germany,T-44,Japan,JPN,T-09,Brazil,BRA,1,4,-3,3,0,0,14.6215,14.1215,13.6215,12.589779,12.254435,11.529337,67.732704,70.432045,72.75503,11.631956,10.685391,12.229406
WC-2006,M-2006-47,group stage,1,0,2006-06-23,21:00,2006-06-23 21:00:00,Hanover,Germany,T-75,Switzerland,CHE,T-71,South Korea,KOR,2,0,2,-2,0,0,17.6785,17.1285,14.7285,17.170551,16.565088,14.270573,60.652824,63.006893,77.72704,3.5455887,4.0249224,5.0142193
WC-2006,M-2006-48,group stage,1,0,2006-06-23,21:00,2006-06-23 21:00:00,Cologne,Germany,T-77,Togo,TGO,T-30,France,FRA,0,2,-2,2,0,0,16.502,15.302,14.602,15.441566,13.943792,13.131702,63.714542,68.5607,71.9611,6.6087217,8.557102,9.422101
WC-2006,M-2006-45,group stage,1,0,2006-06-23,16:00,2006-06-23 16:00:00,Kaiserslautern,Germany,T-63,Saudi Arabia,SAU,T-73,Spain,ESP,0,1,-1,1,0,0,20.3965,20.446499,20.2965,19.427437,19.26204,18.914991,46.80794,46.34912,46.15092,4.198285,5.495161,6.489992
WC-2006,M-2006-46,group stage,1,0,2006-06-23,16:00,2006-06-23 16:00:00,Berlin,Germany,T-81,Ukraine,UKR,T-79,Tunisia,TUN,1,0,1,-1,0,0,19.837,19.737,19.687,17.988995,18.046127,18.024448,45.09235,46.467297,46.77041,8.373386,7.8954163,7.7879906
WC-2006,M-2006-49,round of 16,0,1,2006-06-24,17:00,2006-06-24 17:00:00,Munich,Germany,T-31,Germany,DEU,T-74,Sweden,SWE,2,0,2,-2,0,0,26.295,25.795,24.744999,27.871433,27.477425,27.120975,54.851353,59.24995,67.804924,4.6800003,6.130579,4.8965297
WC-2006,M-2006-50,round of 16,0,1,2006-06-24,21:00,2006-06-24 21:00:00,Leipzig,Germany,T-03,Argentina,ARG,T-46,Mexico,MEX,2,1,1,-1,1,0,20.656,19.506,18.406,20.850086,19.74891,18.575232,66.54445,70.76102,75.78905,8.0899935,7.386582,7.8954163
WC-2006,M-2006-51,round of 16,0,1,2006-06-25,17:00,2006-06-25 17:00:00,Stuttgart,Germany,T-28,England,ENG,T-25,Ecuador,ECU,1,0,1,-1,0,0,30.0655,29.4155,28.5655,31.297077,32.20156,31.592796,42.441105,54.25439,57.884075,5.3999996,4.6938257,3.8773184
WC-2006,M-2006-52,round of 16,0,1,2006-06-25,21:00,2006-06-25 21:00:00,Nuremberg,Germany,T-58,Portugal,PRT,T-48,Netherlands,NLD,1,0,1,-1,0,0,24.254,23.154,22.204,26.610083,25.473295,25.308218,72.53708,77.745445,82.35793,6.989936,7.4128532,2.0364676
WC-2006,M-2006-53,round of 16,0,1,2006-06-26,17:00,2006-06-26 17:00:00,Kaiserslautern,Germany,T-41,Italy,ITA,T-04,Australia,AUS,1,0,1,-1,0,0,24.0465,23.2465,22.3965,23.034605,22.490093,22.001436,51.53953,55.508568,59.206,14.48972,13.708391,11.726277
WC-2006,M-2006-54,round of 16,0,1,2006-06-26,21:00,2006-06-26 21:00:00,Cologne,Germany,T-75,Switzerland,CHE,T-81,Ukraine,UKR,0,0,0,0,1,1,19.002,18.202,17.302,18.767693,17.977072,17.226135,74.67024,77.99738,81.4845,11.525623,11.212135,9.693296
WC-2006,M-2006-55,round of 16,0,1,2006-06-27,17:00,2006-06-27 17:00:00,Dortmund,Germany,T-09,Brazil,BRA,T-32,Ghana,GHA,3,0,3,-3,0,0,19.671501,19.021502,18.4715,18.889828,18.30561,17.70878,65.26461,66.20188,65.868324,11.808878,10.44,9.422101
WC-2006,M-2006-56,round of 16,0,1,2006-06-27,21:00,2006-06-27 21:00:00,Hanover,Germany,T-73,Spain,ESP,T-30,France,FRA,1,3,-2,2,0,0,17.3785,16.7785,16.078499,16.831486,16.17355,15.649334,68.977646,71.411896,74.66439,7.2,7.491114,6.28713
WC-2006,M-2006-58,quarter-finals,0,1,2006-06-30,21:00,2006-06-30 21:00:00,Hamburg,Germany,T-41,Italy,ITA,T-81,Ukraine,UKR,3,0,3,-3,0,0,17.456501,16.3065,15.2565,16.63188,15.548592,14.610708,66.97045,72.996056,79.365654,8.311245,8.28,8.049845
WC-2006,M-2006-57,quarter-finals,0,1,2006-06-30,17:00,2006-06-30 17:00:00,Berlin,Germany,T-31,Germany,DEU,T-03,Argentina,ARG,1,1,0,0,1,1,20.286999,20.286999,19.687,19.065514,19.161669,18.7171,50.376835,51.22809,56.083256,7.771331,7.5942073,8.12197
WC-2006,M-2006-59,quarter-finals,0,1,2006-07-01,17:00,2006-07-01 17:00:00,Gelsenkirchen,Germany,T-28,England,ENG,T-58,Portugal,PRT,0,0,0,0,1,1,27.2255,26.7255,25.625502,27.077215,26.646564,25.95374,44.314705,46.832684,53.130856,9.9571085,10.483357,10.163227
WC-2006,M-2006-60,quarter-finals,0,1,2006-07-01,21:00,2006-07-01 21:00:00,Frankfurt,Germany,T-09,Brazil,BRA,T-30,France,FRA,0,1,-1,1,0,0,22.529999,21.48,20.38,20.005774,19.005955,18.236343,39.93334,42.42953,44.93784,14.113653,13.684735,11.159999
WC-2006,M-2006-61,semi-finals,0,1,2006-07-04,21:00,2006-07-04 21:00:00,Dortmund,Germany,T-31,Germany,DEU,T-41,Italy,ITA,0,2,-2,2,1,0,24.771502,23.3715,22.0715,26.196398,24.810549,23.125853,61.10946,66.257324,72.14918,6.519877,6.28713,9.220499
WC-2006,M-2006-62,semi-finals,0,1,2006-07-05,21:00,2006-07-05 21:00:00,Munich,Germany,T-58,Portugal,PRT,T-30,France,FRA,0,1,-1,1,0,0,22.244999,20.795,20.445,23.5153,22.154776,20.954697,69.48213,78.87854,77.83257,6.519877,7.6367526,11.885453
WC-2006,M-2006-63,third-place match,0,1,2006-07-08,21:00,2006-07-08 21:00:00,Stuttgart,Germany,T-31,Germany,DEU,T-58,Portugal,PRT,3,1,2,-2,0,0,20.2155,19.0655,18.2155,22.07569,20.846413,19.521805,81.33783,87.08053,89.53247,3.9763298,4.379589,6.489992
WC-2006,M-2006-64,final,0,1,2006-07-09,20:00,2006-07-09 20:00:00,Berlin,Germany,T-41,Italy,ITA,T-30,France,FRA,1,1,0,0,1,1,24.937,23.087,21.887,26.00346,23.976917,22.615936,57.561527,62.102467,66.159645,6.763786,6.489992,7.2
WC-2010,M-2010-02,group stage,1,0,2010-06-11,20:30,2010-06-11 20:30:00,Cape Town,South Africa,T-84,Uruguay,URY,T-30,France,FRA,0,0,0,0,0,0,12.2695,11.669499,11.169499,12.029146,11.420323,11.293185,92.68943,95.788574,97.379326,4.0249224,3.8773184,0.8049845
WC-2010,M-2010-01,group stage,1,0,2010-06-11,16:00,2010-06-11 16:00:00,Johannesburg,South Africa,T-70,South Africa,ZAF,T-46,Mexico,MEX,1,1,0,0,0,0,14.506,13.155999,11.106,10.422804,9.778527,7.964469,43.269028,47.56996,55.0224,15.876775,11.159999,9.726665
WC-2010,M-2010-03,group stage,1,0,2010-06-12,13:30,2010-06-12 13:30:00,Port Elizabeth,South Africa,T-71,South Korea,KOR,T-33,Greece,GRC,2,0,2,-2,0,0,18.7155,19.015501,19.0655,16.474327,16.6055,16.525726,50.636593,49.193417,48.708244,12.245294,13.138765,13.854155
WC-2010,M-2010-04,group stage,1,0,2010-06-12,16:00,2010-06-12 16:00:00,Johannesburg,South Africa,T-03,Argentina,ARG,T-50,Nigeria,NGA,1,0,1,-1,0,0,15.655999,14.356,12.056,12.350004,11.759514,9.558367,44.53184,50.677525,60.55201,12.387348,8.404285,8.287822
WC-2010,M-2010-05,group stage,1,0,2010-06-12,20:30,2010-06-12 20:30:00,Rustenburg,South Africa,T-28,England,ENG,T-83,United States,USA,1,1,0,0,0,0,14.609,14.309,14.009,13.057608,12.634552,12.304293,64.59178,62.7877,64.45823,7.072878,6.725354,7.10031
WC-2010,M-2010-06,group stage,1,0,2010-06-13,13:30,2010-06-13 13:30:00,Polokwane,South Africa,T-01,Algeria,DZA,T-69,Slovenia,SVN,0,1,-1,1,0,0,21.315,21.665,21.465,18.675264,18.07689,17.579039,36.32285,32.59271,32.535572,15.042659,17.31746,17.31746
WC-2010,M-2010-07,group stage,1,0,2010-06-13,16:00,2010-06-13 16:00:00,Pretoria,South Africa,T-66,Serbia,SRB,T-32,Ghana,GHA,0,1,-1,1,0,0,20.3045,19.154501,16.9545,16.306067,16.127426,14.543491,40.816357,44.28892,51.912308,21.42227,15.0038395,11.269782
WC-2010,M-2010-08,group stage,1,0,2010-06-13,20:30,2010-06-13 20:30:00,Durban,South Africa,T-31,Germany,DEU,T-04,Australia,AUS,4,0,4,-4,0,0,19.341,19.140999,18.841,20.968325,20.660603,20.253036,88.77334,89.319954,90.14849,7.127636,7.5685663,7.8625183
WC-2010,M-2010-09,group stage,1,0,2010-06-14,13:30,2010-06-14 13:30:00,Johannesburg,South Africa,T-48,Netherlands,NLD,T-22,Denmark,DNK,2,0,2,-2,0,0,17.256,17.606,17.356,11.47638,11.53247,11.164579,22.218788,24.770916,27.195068,24.162947,25.567604,26.14403
WC-2010,M-2010-10,group stage,1,0,2010-06-14,16:00,2010-06-14 16:00:00,Bloemfontein,South Africa,T-44,Japan,JPN,T-11,Cameroon,CMR,1,0,1,-1,0,0,14.9845,13.184501,10.7345,9.836129,9.4338255,6.984353,27.74165,33.579453,41.09744,17.414474,8.699793,9.19939
WC-2010,M-2010-11,group stage,1,0,2010-06-14,20:30,2010-06-14 20:30:00,Cape Town,South Africa,T-41,Italy,ITA,T-55,Paraguay,PRY,1,1,0,0,0,0,8.9695,8.7695,8.919499,4.5945597,3.967248,3.9944143,74.96976,70.35215,69.643265,21.322214,22.734219,23.576563
WC-2010,M-2010-14,group stage,1,0,2010-06-15,20:30,2010-06-15 20:30:00,Johannesburg,South Africa,T-09,Brazil,BRA,T-51,North Korea,PRK,2,1,1,-1,0,0,2.606,1.606,1.056,-3.447875,-4.434364,-4.9204884,38.04097,42.66298,45.61737,19.05281,19.255793,19.011953
WC-2010,M-2010-12,group stage,1,0,2010-06-15,13:30,2010-06-15 13:30:00,Rustenburg,South Africa,T-49,New Zealand,NZL,T-68,Slovakia,SVK,1,1,0,0,0,0,10.059,10.359,10.459,4.2529564,4.2388487,4.03677,29.112272,26.514719,24.651367,22.862123,22.881958,22.33161
WC-2010,M-2010-13,group stage,1,0,2010-06-15,16:00,2010-06-15 16:00:00,Port Elizabeth,South Africa,T-42,Ivory Coast,CIV,T-58,Portugal,PRT,0,0,0,0,0,0,11.565499,11.3654995,11.1655,5.23827,5.3821735,5.1670933,68.261375,69.64974,72.552124,36.40453,34.2,34.92742
WC-2010,M-2010-15,group stage,1,0,2010-06-16,13:30,2010-06-16 13:30:00,Nelspruit,South Africa,T-35,Honduras,HND,T-13,Chile,CHL,0,1,-1,1,0,0,15.493,15.693,15.592999,12.901268,12.741419,12.461351,27.680552,27.532312,27.606285,4.6102495,4.0249224,3.9763298
WC-2010,M-2010-16,group stage,1,0,2010-06-16,16:00,2010-06-16 16:00:00,Durban,South Africa,T-73,Spain,ESP,T-75,Switzerland,CHE,0,1,-1,1,0,0,19.140999,18.140999,17.441,15.260445,14.989204,14.560764,31.41723,40.619526,46.144535,14.044615,12.605142,12.496719
WC-2010,M-2010-17,group stage,1,0,2010-06-16,20:30,2010-06-16 20:30:00,Pretoria,South Africa,T-70,South Africa,ZAF,T-84,Uruguay,URY,0,3,-3,3,0,0,5.9045,4.9045,4.2545004,0.44843197,-0.8357887,-1.5160735,26.578276,27.922342,29.573586,14.154915,15.986595,16.263872
WC-2010,M-2010-20,group stage,1,0,2010-06-17,20:30,2010-06-17 20:30:00,Polokwane,South Africa,T-30,France,FRA,T-46,Mexico,MEX,0,2,-2,2,0,0,6.815,5.315,4.515,3.4348059,1.8161802,0.92623377,54.273163,61.536354,64.82522,6.830519,7.928177,8.4963045
WC-2010,M-2010-18,group stage,1,0,2010-06-17,13:30,2010-06-17 13:30:00,Johannesburg,South Africa,T-03,Argentina,ARG,T-71,South Korea,KOR,4,1,3,-3,0,0,9.606,10.256,10.455999,4.691536,5.0357256,4.8662004,16.526793,15.7583,15.613429,13.708391,13.5515,13.896187
WC-2010,M-2010-19,group stage,1,0,2010-06-17,16:00,2010-06-17 16:00:00,Bloemfontein,South Africa,T-33,Greece,GRC,T-50,Nigeria,NGA,2,1,1,-1,0,0,10.2345,9.3845005,6.8345,6.516282,5.901598,3.3528547,29.615295,33.075584,47.144028,5.154415,4.0249224,5.8603754
WC-2010,M-2010-23,group stage,1,0,2010-06-18,20:30,2010-06-18 20:30:00,Cape Town,South Africa,T-28,England,ENG,T-01,Algeria,DZA,0,0,0,0,0,0,14.2695,13.9695,13.7695,10.311008,9.716484,9.153651,43.66553,42.95997,39.633816,14.917212,16.343367,17.373497
WC-2010,M-2010-22,group stage,1,0,2010-06-18,16:00,2010-06-18 16:00:00,Johannesburg,South Africa,T-69,Slovenia,SVN,T-83,United States,USA,2,2,0,0,0,0,11.356,9.856,7.756,6.6851473,5.1908455,2.9700809,19.364666,23.258167,28.099947,9.085988,9.585739,10.739832
WC-2010,M-2010-21,group stage,1,0,2010-06-18,13:30,2010-06-18 13:30:00,Port Elizabeth,South Africa,T-31,Germany,DEU,T-66,Serbia,SRB,0,1,-1,1,0,0,18.015501,18.8155,19.265501,13.14905,14.429337,15.595486,33.40892,31.211622,32.018795,20.65848,17.072504,13.049689
WC-2010,M-2010-24,group stage,1,0,2010-06-19,13:30,2010-06-19 13:30:00,Durban,South Africa,T-48,Netherlands,NLD,T-44,Japan,JPN,1,0,1,-1,0,0,22.091,22.691,22.791,18.56671,18.936195,19.297762,31.372023,32.432175,35.26464,16.199999,17.884428,18.089775
WC-2010,M-2010-25,group stage,1,0,2010-06-19,16:00,2010-06-19 16:00:00,Rustenburg,South Africa,T-32,Ghana,GHA,T-04,Australia,AUS,1,1,0,0,0,0,13.809,12.809,11.409,10.798833,9.955733,8.758532,34.13861,37.250187,42.059372,4.3349743,3.5455887,2.5455842
WC-2010,M-2010-26,group stage,1,0,2010-06-19,20:30,2010-06-19 20:30:00,Pretoria,South Africa,T-11,Cameroon,CMR,T-22,Denmark,DNK,1,2,-1,1,0,0,7.1545,5.3045,4.3045,3.2497644,1.3399878,0.49925804,53.179478,56.94918,60.83652,10.464798,10.137692,9.0
WC-2010,M-2010-27,group stage,1,0,2010-06-20,13:30,2010-06-20 13:30:00,Bloemfontein,South Africa,T-68,Slovakia,SVK,T-55,Paraguay,PRY,0,2,-2,2,0,0,14.0845,14.7345,14.934501,11.6448765,11.886021,11.967089,32.501118,31.164078,30.651781,2.8799999,3.5455887,3.6
WC-2010,M-2010-28,group stage,1,0,2010-06-20,16:00,2010-06-20 16:00:00,Nelspruit,South Africa,T-41,Italy,ITA,T-49,New Zealand,NZL,1,1,0,0,0,0,18.493,17.093,16.593,16.17341,15.064028,14.077806,35.38315,46.367405,36.492794,4.6938257,6.28713,4.510787
WC-2010,M-2010-29,group stage,1,0,2010-06-20,20:30,2010-06-20 20:30:00,Johannesburg,South Africa,T-09,Brazil,BRA,T-42,Ivory Coast,CIV,3,1,2,-2,0,0,6.156,4.856,3.1560001,1.8503013,0.095108986,-1.3198252,36.7877,39.487247,42.798847,8.669949,11.631956,9.3669195
WC-2010,M-2010-31,group stage,1,0,2010-06-21,16:00,2010-06-21 16:00:00,Port Elizabeth,South Africa,T-13,Chile,CHL,T-75,Switzerland,CHE,1,0,1,-1,0,0,17.4655,16.765501,16.015501,13.937733,13.454262,12.736971,74.89847,77.78109,80.78691,30.631746,28.916763,28.348713
WC-2010,M-2010-32,group stage,1,0,2010-06-21,20:30,2010-06-21 20:30:00,Johannesburg,South Africa,T-73,Spain,ESP,T-35,Honduras,HND,2,0,2,-2,0,0,7.506,6.006,4.906,3.048718,1.6708298,0.62632084,39.983814,47.614067,51.004646,11.304229,11.200571,10.739832
WC-2010,M-2010-30,group stage,1,0,2010-06-21,13:30,2010-06-21 13:30:00,Cape Town,South Africa,T-58,Portugal,PRT,T-51,North Korea,PRK,7,0,7,-7,0,0,13.919499,14.0695,13.9695,12.883249,13.5075245,13.84532,89.7865,90.09296,90.67888,11.966954,9.1641035,6.162207
WC-2010,M-2010-33,group stage,1,0,2010-06-22,16:00,2010-06-22 16:00:00,Bloemfontein,South Africa,T-30,France,FRA,T-70,South Africa,ZAF,1,2,-1,1,0,0,15.8345,13.9845,11.7845,11.283053,10.019635,7.7519903,26.074436,30.715878,36.67371,13.237039,9.726665,10.587918
WC-2010,M-2010-34,group stage,1,0,2010-06-22,16:00,2010-06-22 16:00:00,Rustenburg,South Africa,T-46,Mexico,MEX,T-84,Uruguay,URY,0,1,-1,1,0,0,18.209,16.759,14.709,14.642466,13.292295,10.943732,24.75406,28.667372,33.9044,7.6367526,7.653705,10.1887
WC-2010,M-2010-35,group stage,1,0,2010-06-22,20:30,2010-06-22 20:30:00,Polokwane,South Africa,T-33,Greece,GRC,T-03,Argentina,ARG,0,2,-2,2,0,0,11.014999,11.165,10.264999,8.680235,8.432758,7.246791,47.819675,45.496346,48.30349,1.835647,3.9763298,5.937272
WC-2010,M-2010-36,group stage,1,0,2010-06-22,20:30,2010-06-22 20:30:00,Durban,South Africa,T-50,Nigeria,NGA,T-71,South Korea,KOR,2,2,0,0,0,0,17.091,16.941,16.741,16.743603,16.337872,15.940586,90.60077,90.01102,89.70751,15.277749,16.363178,17.057314
WC-2010,M-2010-37,group stage,1,0,2010-06-23,16:00,2010-06-23 16:00:00,Port Elizabeth,South Africa,T-69,Slovenia,SVN,T-28,England,ENG,0,1,-1,1,0,0,18.365501,17.2155,16.5655,16.120186,15.287605,14.800562,55.562443,67.813576,76.73787,14.186923,15.7908325,17.399586
WC-2010,M-2010-38,group stage,1,0,2010-06-23,16:00,2010-06-23 16:00:00,Pretoria,South Africa,T-83,United States,USA,T-01,Algeria,DZA,1,0,1,-1,0,0,17.7545,16.5045,14.1045,14.442253,12.846085,10.075151,21.60952,23.9219,29.738192,4.0249224,6.638072,9.885262
WC-2010,M-2010-39,group stage,1,0,2010-06-23,20:30,2010-06-23 20:30:00,Nelspruit,South Africa,T-04,Australia,AUS,T-66,Serbia,SRB,2,1,1,-1,0,0,13.292999,14.092999,14.292999,11.571709,11.824614,11.986204,64.51913,54.649143,52.830532,6.12,7.342588,7.172949
WC-2010,M-2010-40,group stage,1,0,2010-06-23,20:30,2010-06-23 20:30:00,Johannesburg,South Africa,T-32,Ghana,GHA,T-31,Germany,DEU,0,1,-1,1,0,0,8.455999,4.906,3.9060001,4.0678883,0.6066704,-0.3931818,29.43159,39.046356,40.912624,8.707237,8.404285,8.217153
WC-2010,M-2010-44,group stage,1,0,2010-06-24,20:30,2010-06-24 20:30:00,Rustenburg,South Africa,T-22,Denmark,DNK,T-44,Japan,JPN,1,3,-2,2,0,0,12.359,11.409,8.709,9.2415085,8.412753,5.738454,39.075054,40.24906,48.926937,5.6002855,4.3349743,4.3498964
WC-2010,M-2010-43,group stage,1,0,2010-06-24,20:30,2010-06-24 20:30:00,Cape Town,South Africa,T-11,Cameroon,CMR,T-48,Netherlands,NLD,1,2,-1,1,0,0,13.8195,12.419499,12.2195,13.460276,11.8644905,11.6818695,82.38592,92.08553,92.68667,4.32,6.28713,5.95906
WC-2010,M-2010-41,group stage,1,0,2010-06-24,16:00,2010-06-24 16:00:00,Polokwane,South Africa,T-55,Paraguay,PRY,T-49,New Zealand,NZL,0,0,0,0,0,0,16.915,15.764999,14.014999,13.913588,13.006989,10.869199,35.30178,39.506874,44.37696,7.6367526,6.6185193,9.339208
WC-2010,M-2010-42,group stage,1,0,2010-06-24,16:00,2010-06-24 16:00:00,Johannesburg,South Africa,T-68,Slovakia,SVK,T-41,Italy,ITA,3,2,1,-1,0,0,15.655999,14.405999,11.356,11.711873,10.22259,7.0867424,18.391962,21.453587,30.173876,5.692099,7.928177,9.793059
WC-2010,M-2010-45,group stage,1,0,2010-06-25,16:00,2010-06-25 16:00:00,Nelspruit,South Africa,T-51,North Korea,PRK,T-42,Ivory Coast,CIV,0,3,-3,3,0,0,21.043,19.393,18.442999,19.143099,17.852161,16.274324,33.220615,46.213898,39.034916,3.6,6.193674,5.4477882
WC-2010,M-2010-46,group stage,1,0,2010-06-25,16:00,2010-06-25 16:00:00,Durban,South Africa,T-58,Portugal,PRT,T-09,Brazil,BRA,0,0,0,0,0,0,22.791,21.091,20.041,22.501541,20.874779,19.592241,56.3032,64.51569,68.163925,10.009036,10.739832,11.966953
WC-2010,M-2010-47,group stage,1,0,2010-06-25,20:30,2010-06-25 20:30:00,Pretoria,South Africa,T-13,Chile,CHL,T-73,Spain,ESP,1,2,-1,1,0,0,14.2545,14.054501,13.2045,10.489212,10.663603,9.855691,20.680058,19.304579,20.2425,4.6800003,1.484318,1.1384199
WC-2010,M-2010-48,group stage,1,0,2010-06-25,20:30,2010-06-25 20:30:00,Bloemfontein,South Africa,T-75,Switzerland,CHE,T-35,Honduras,HND,0,0,0,0,0,0,11.8345,9.6345005,4.9344997,8.324066,6.062001,1.1111269,28.097267,31.66678,46.06173,4.2136917,4.39436,6.6087217
WC-2010,M-2010-49,round of 16,0,1,2010-06-26,16:00,2010-06-26 16:00:00,Port Elizabeth,South Africa,T-84,Uruguay,URY,T-71,South Korea,KOR,2,1,1,-1,0,0,17.4155,16.7155,16.365501,15.108377,14.780182,14.504971,77.626274,80.88034,80.30731,23.441502,20.774214,19.201874
WC-2010,M-2010-50,round of 16,0,1,2010-06-26,20:30,2010-06-26 20:30:00,Rustenburg,South Africa,T-83,United States,USA,T-32,Ghana,GHA,1,2,-1,1,1,0,12.059,10.209,8.009,8.504186,6.707737,4.5734644,35.94833,40.489506,48.013252,7.289444,6.8777895,6.696387
WC-2010,M-2010-52,round of 16,0,1,2010-06-27,20:30,2010-06-27 20:30:00,Johannesburg,South Africa,T-03,Argentina,ARG,T-46,Mexico,MEX,3,1,2,-2,0,0,9.506,8.356,7.356,4.8426723,3.7324991,3.1445856,50.78868,58.580006,71.835,17.208603,17.902534,17.309973
WC-2010,M-2010-51,round of 16,0,1,2010-06-27,16:00,2010-06-27 16:00:00,Bloemfontein,South Africa,T-31,Germany,DEU,T-28,England,ENG,4,1,3,-3,0,0,20.384499,18.0845,14.5345,15.698311,14.030043,10.2933655,16.851477,20.817623,27.406479,12.594856,8.942214,10.739832
WC-2010,M-2010-53,round of 16,0,1,2010-06-28,16:00,2010-06-28 16:00:00,Durban,South Africa,T-48,Netherlands,NLD,T-68,Slovakia,SVK,2,1,1,-1,0,0,20.491,19.491,18.991,16.959976,15.91781,15.387491,70.71799,74.75218,76.12872,35.63818,35.670895,35.364388
WC-2010,M-2010-54,round of 16,0,1,2010-06-28,20:30,2010-06-28 20:30:00,Johannesburg,South Africa,T-09,Brazil,BRA,T-13,Chile,CHL,3,0,3,-3,0,0,8.356,8.155999,7.106,5.700815,5.6529236,4.4729815,72.27971,75.09169,82.09018,7.9932976,7.42159,8.654986
WC-2010,M-2010-55,round of 16,0,1,2010-06-29,16:00,2010-06-29 16:00:00,Pretoria,South Africa,T-55,Paraguay,PRY,T-44,Japan,JPN,0,0,0,0,1,1,15.9545,15.304501,14.2045,13.605925,13.520905,12.294497,52.362125,54.58704,58.800186,9.565437,5.6920996,6.638072
WC-2010,M-2010-56,round of 16,0,1,2010-06-29,20:30,2010-06-29 20:30:00,Cape Town,South Africa,T-73,Spain,ESP,T-58,Portugal,PRT,1,0,1,-1,0,0,12.919499,12.2695,11.7695,11.775307,10.551148,9.833456,84.78346,81.365036,80.750725,8.78872,10.30883,10.703569
WC-2010,M-2010-57,quarter-finals,0,1,2010-07-02,16:00,2010-07-02 16:00:00,Port Elizabeth,South Africa,T-48,Netherlands,NLD,T-09,Brazil,BRA,2,1,1,-1,0,0,25.615501,23.515501,20.7155,24.338688,23.503077,19.50113,32.479107,46.111652,46.738,5.00128,2.7416782,6.3690495
WC-2010,M-2010-58,quarter-finals,0,1,2010-07-02,20:30,2010-07-02 20:30:00,Johannesburg,South Africa,T-84,Uruguay,URY,T-32,Ghana,GHA,1,1,0,0,1,1,8.256,7.556,6.406,6.222396,5.195531,3.8333073,82.2391,84.470436,89.819115,6.193674,7.9932966,9.085988
WC-2010,M-2010-59,quarter-finals,0,1,2010-07-03,16:00,2010-07-03 16:00:00,Cape Town,South Africa,T-03,Argentina,ARG,T-31,Germany,DEU,0,4,-4,4,0,0,14.8195,14.3195,13.0195,13.25091,12.804377,11.506988,72.72821,75.11374,79.84223,10.805999,10.440001,9.746631
WC-2010,M-2010-60,quarter-finals,0,1,2010-07-03,20:30,2010-07-03 20:30:00,Johannesburg,South Africa,T-55,Paraguay,PRY,T-73,Spain,ESP,0,1,-1,1,0,0,9.356,9.556,8.506,6.8116465,7.124119,5.9203987,57.996037,51.919876,56.540756,4.5536795,2.2768397,3.5455887
WC-2010,M-2010-61,semi-finals,0,1,2010-07-06,20:30,2010-07-06 20:30:00,Cape Town,South Africa,T-84,Uruguay,URY,T-48,Netherlands,NLD,2,3,-1,1,0,0,10.8695,10.2695,10.1195,8.686485,7.9751472,8.02869,71.50292,71.636375,73.36853,7.9932976,7.928178,6.830519
WC-2010,M-2010-62,semi-finals,0,1,2010-07-07,20:30,2010-07-07 20:30:00,Durban,South Africa,T-31,Germany,DEU,T-73,Spain,ESP,0,1,-1,1,0,0,17.091,17.091,16.591,17.415293,17.732927,17.40231,83.595825,84.138145,86.84911,7.42159,5.495161,4.3349743
WC-2010,M-2010-63,third-place match,0,1,2010-07-10,20:30,2010-07-10 20:30:00,Port Elizabeth,South Africa,T-84,Uruguay,URY,T-31,Germany,DEU,2,3,-1,1,0,0,15.065499,15.0155,14.315499,12.077156,12.009047,10.946895,81.192795,79.85729,81.36277,24.458813,23.933908,25.570139
WC-2010,M-2010-64,final,0,1,2010-07-11,20:30,2010-07-11 20:30:00,Johannesburg,South Africa,T-48,Netherlands,NLD,T-73,Spain,ESP,0,1,-1,1,1,0,10.256,8.705999,7.556,6.6379414,4.6553583,3.1789598,47.77722,48.39012,49.32355,9.885262,11.609651,13.104198
WC-2014,M-2014-01,group stage,1,0,2014-06-12,17:00,2014-06-12 17:00:00,São Paulo,Brazil,T-09,Brazil,BRA,T-18,Croatia,HRV,3,1,2,-2,0,0,22.5055,20.7055,19.5055,23.085915,21.390701,20.272482,61.17724,70.98582,78.94521,6.5693827,7.42159,8.209263
WC-2014,M-2014-04,group stage,1,0,2014-06-13,18:00,2014-06-13 18:00:00,Cuiabá,Brazil,T-13,Chile,CHL,T-04,Australia,AUS,3,1,2,-2,0,0,28.956501,27.0565,25.3065,31.646904,30.150658,28.275826,53.13344,62.593727,69.84738,2.9024127,2.9024127,4.1046314
WC-2014,M-2014-03,group stage,1,0,2014-06-13,16:00,2014-06-13 16:00:00,Salvador,Brazil,T-73,Spain,ESP,T-48,Netherlands,NLD,1,5,-4,4,0,0,23.357,23.107,22.707,25.76152,25.571943,25.240324,88.81899,89.61987,90.97663,15.03835,14.255272,13.237038
WC-2014,M-2014-02,group stage,1,0,2014-06-13,13:00,2014-06-13 13:00:00,Natal,Brazil,T-46,Mexico,MEX,T-11,Cameroon,CMR,1,0,1,-1,0,0,25.6435,25.7435,25.7435,28.163746,28.164577,28.125149,84.03351,82.02894,80.05588,19.373219,18.864824,17.581125
WC-2014,M-2014-05,group stage,1,0,2014-06-14,13:00,2014-06-14 13:00:00,Belo Horizonte,Brazil,T-16,Colombia,COL,T-33,Greece,GRC,3,0,3,-3,0,0,22.196,22.096,21.896,21.178308,21.152548,21.10997,53.81543,54.144226,55.16951,12.10157,11.592894,10.739832
WC-2014,M-2014-06,group stage,1,0,2014-06-14,16:00,2014-06-14 16:00:00,Fortaleza,Brazil,T-84,Uruguay,URY,T-17,Costa Rica,CRI,1,3,-2,2,0,0,28.8045,27.904501,27.0045,30.941078,30.368797,29.48264,64.93645,71.6297,77.36232,17.377226,18.0036,19.493261
WC-2014,M-2014-07,group stage,1,0,2014-06-14,18:00,2014-06-14 18:00:00,Manaus,Brazil,T-28,England,ENG,T-41,Italy,ITA,1,2,-1,1,0,0,28.2455,26.9955,26.095499,33.02079,32.05129,31.097496,73.00598,81.44109,85.61943,4.6938257,5.2416787,5.4119864
WC-2014,M-2014-08,group stage,1,0,2014-06-14,22:00,2014-06-14 22:00:00,Recife,Brazil,T-42,Ivory Coast,CIV,T-44,Japan,JPN,2,1,1,-1,0,0,23.506,23.506,23.406,26.790112,26.744997,26.899931,93.55726,93.84201,93.55255,12.819235,13.324863,10.990322
WC-2014,M-2014-09,group stage,1,0,2014-06-15,13:00,2014-06-15 13:00:00,Brasília,Brazil,T-75,Switzerland,CHE,T-25,Ecuador,ECU,2,1,1,-1,0,0,23.1945,23.6945,23.3945,21.332172,21.863132,21.566267,49.495506,47.396343,47.471405,17.106628,16.454008,15.893093
WC-2014,M-2014-10,group stage,1,0,2014-06-15,16:00,2014-06-15 16:00:00,Porto Alegre,Brazil,T-30,France,FRA,T-35,Honduras,HND,3,0,3,-3,0,0,19.496,18.646,17.946,18.793955,17.86858,17.247677,76.20922,79.07572,81.830536,16.78156,16.645864,15.716793
WC-2014,M-2014-11,group stage,1,0,2014-06-15,19:00,2014-06-15 19:00:00,Rio de Janeiro,Brazil,T-03,Argentina,ARG,T-08,Bosnia and Herzegovina,BIH,2,1,1,-1,0,0,20.7975,20.6975,20.5475,23.41461,23.130798,23.22431,94.59433,94.005424,95.17308,8.209263,8.78872,7.289444
WC-2014,M-2014-14,group stage,1,0,2014-06-16,19:00,2014-06-16 19:00:00,Natal,Brazil,T-32,Ghana,GHA,T-83,United States,USA,1,2,-1,1,0,0,25.8435,25.7435,25.7435,27.488373,27.180122,27.203344,78.378,78.36372,78.12454,21.67786,22.728518,22.380884
WC-2014,M-2014-12,group stage,1,0,2014-06-16,13:00,2014-06-16 13:00:00,Salvador,Brazil,T-31,Germany,DEU,T-58,Portugal,PRT,4,0,4,-4,0,0,25.507,25.557001,25.357,27.809536,27.893906,27.682632,78.8107,77.85875,78.308235,16.279802,15.484185,15.192682
WC-2014,M-2014-13,group stage,1,0,2014-06-16,16:00,2014-06-16 16:00:00,Curitiba,Brazil,T-38,Iran,IRN,T-50,Nigeria,NGA,0,0,0,0,0,0,20.6515,19.9015,18.5515,21.101608,20.910454,19.345062,70.74814,76.2736,82.16993,8.759178,6.130579,7.208994
WC-2014,M-2014-15,group stage,1,0,2014-06-17,13:00,2014-06-17 13:00:00,Belo Horizonte,Brazil,T-06,Belgium,BEL,T-01,Algeria,DZA,2,1,1,-1,0,0,24.946,25.246,25.096,24.753513,24.560564,24.200197,38.761574,37.44251,37.778446,5.315336,5.315336,5.634891
WC-2014,M-2014-16,group stage,1,0,2014-06-17,16:00,2014-06-17 16:00:00,Fortaleza,Brazil,T-09,Brazil,BRA,T-46,Mexico,MEX,0,0,0,0,0,0,27.654501,27.154501,26.404501,30.063084,30.213417,29.664894,72.68326,76.68404,81.367195,18.388212,15.509274,15.137133
WC-2014,M-2014-17,group stage,1,0,2014-06-17,18:00,2014-06-17 18:00:00,Cuiabá,Brazil,T-62,Russia,RUS,T-71,South Korea,KOR,1,1,0,0,0,0,26.8565,25.706501,24.6065,29.556622,28.216312,27.071941,64.52595,68.84631,73.96518,6.6087217,7.754637,8.4042845
WC-2014,M-2014-20,group stage,1,0,2014-06-18,18:00,2014-06-18 18:00:00,Manaus,Brazil,T-11,Cameroon,CMR,T-18,Croatia,HRV,0,4,-4,4,0,0,25.595499,25.0455,24.9955,31.255798,30.776348,30.696102,91.16138,94.19293,93.34541,3.219938,2.7416782,2.0991426
WC-2014,M-2014-18,group stage,1,0,2014-06-18,13:00,2014-06-18 13:00:00,Porto Alegre,Brazil,T-04,Australia,AUS,T-48,Netherlands,NLD,2,3,-1,1,0,0,14.746,14.746,14.546,12.485422,12.380474,12.078447,59.13598,56.941612,56.30473,9.983106,9.826088,9.983106
WC-2014,M-2014-19,group stage,1,0,2014-06-18,16:00,2014-06-18 16:00:00,Rio de Janeiro,Brazil,T-73,Spain,ESP,T-13,Chile,CHL,0,2,-2,2,0,0,24.1975,23.0475,21.8475,25.81182,24.59959,23.35657,75.05444,81.69655,88.42385,13.708391,14.986553,15.629971
WC-2014,M-2014-23,group stage,1,0,2014-06-19,19:00,2014-06-19 19:00:00,Natal,Brazil,T-44,Japan,JPN,T-33,Greece,GRC,0,0,0,0,0,0,24.293499,24.2435,24.043499,26.175455,26.171173,25.971338,89.707184,90.79972,90.51104,22.771244,23.051247,22.065973
WC-2014,M-2014-22,group stage,1,0,2014-06-19,16:00,2014-06-19 16:00:00,São Paulo,Brazil,T-84,Uruguay,URY,T-28,England,ENG,2,1,1,-1,0,0,14.7055,13.9555,13.2555,12.5978775,11.848015,11.147589,78.24151,82.129845,85.10278,16.485485,16.485485,16.179987
WC-2014,M-2014-21,group stage,1,0,2014-06-19,13:00,2014-06-19 13:00:00,Brasília,Brazil,T-16,Colombia,COL,T-42,Ivory Coast,CIV,2,1,1,-1,0,0,25.0445,25.3945,25.2945,25.00972,24.753849,24.366627,44.440098,42.251656,41.66891,9.449572,9.178235,9.178235
WC-2014,M-2014-24,group stage,1,0,2014-06-20,13:00,2014-06-20 13:00:00,Recife,Brazil,T-41,Italy,ITA,T-17,Costa Rica,CRI,0,1,-1,1,0,0,26.506,26.356,25.856,27.82999,27.657013,27.10352,72.03983,72.680115,74.8611,21.129885,21.288757,21.659918
WC-2014,M-2014-25,group stage,1,0,2014-06-20,16:00,2014-06-20 16:00:00,Salvador,Brazil,T-75,Switzerland,CHE,T-30,France,FRA,2,5,-3,3,0,0,25.357,25.007,24.807001,26.81567,26.688305,26.79203,67.08366,68.496315,69.31855,12.496718,10.97262,8.891343
WC-2014,M-2014-26,group stage,1,0,2014-06-20,19:00,2014-06-20 19:00:00,Curitiba,Brazil,T-35,Honduras,HND,T-25,Ecuador,ECU,1,2,-1,1,0,0,12.2015,11.5015,11.1515,11.389559,10.656579,10.337157,79.72615,85.77458,89.57424,3.4152596,4.379589,4.73506
WC-2014,M-2014-27,group stage,1,0,2014-06-21,13:00,2014-06-21 13:00:00,Belo Horizonte,Brazil,T-03,Argentina,ARG,T-38,Iran,IRN,1,0,1,-1,0,0,22.346,22.846,22.996,21.957365,22.378908,22.325378,48.137005,45.168724,43.725773,4.452954,3.9763298,4.68
WC-2014,M-2014-28,group stage,1,0,2014-06-21,16:00,2014-06-21 16:00:00,Fortaleza,Brazil,T-31,Germany,DEU,T-32,Ghana,GHA,2,2,0,0,0,0,28.3545,27.4545,26.4545,30.123238,29.773094,29.07317,61.72521,67.92,73.14461,15.379206,14.113653,12.979984
WC-2014,M-2014-29,group stage,1,0,2014-06-21,18:00,2014-06-21 18:00:00,Cuiabá,Brazil,T-50,Nigeria,NGA,T-08,Bosnia and Herzegovina,BIH,1,0,1,-1,0,0,28.1065,26.6065,25.3565,31.008148,29.477016,28.26278,59.04864,66.30012,72.73019,4.379589,6.12,6.9153743
WC-2014,M-2014-31,group stage,1,0,2014-06-22,16:00,2014-06-22 16:00:00,Porto Alegre,Brazil,T-71,South Korea,KOR,T-01,Algeria,DZA,2,4,-2,2,0,0,19.346,18.546,16.696,19.701807,18.692219,16.74355,65.1946,70.3493,77.26305,3.2599385,5.6233797,5.495161
WC-2014,M-2014-32,group stage,1,0,2014-06-22,18:00,2014-06-22 18:00:00,Manaus,Brazil,T-83,United States,USA,T-58,Portugal,PRT,2,2,0,0,0,0,26.2455,25.8955,25.345499,31.470592,31.42836,31.001732,87.19389,89.285614,93.36223,5.771239,3.8773184,3.8939953
WC-2014,M-2014-30,group stage,1,0,2014-06-22,13:00,2014-06-22 13:00:00,Rio de Janeiro,Brazil,T-06,Belgium,BEL,T-62,Russia,RUS,1,0,1,-1,0,0,22.6975,22.8975,22.8475,23.366034,23.205822,23.212732,72.94836,69.387535,70.70795,14.707222,14.84318,15.188415
WC-2014,M-2014-33,group stage,1,0,2014-06-23,13:00,2014-06-23 13:00:00,Curitiba,Brazil,T-04,Australia,AUS,T-73,Spain,ESP,0,3,-3,3,0,0,19.8515,20.6015,20.7515,19.718431,20.363308,20.493265,70.14229,68.05622,68.52681,11.609651,12.783802,12.57426
WC-2014,M-2014-34,group stage,1,0,2014-06-23,13:00,2014-06-23 13:00:00,São Paulo,Brazil,T-48,Netherlands,NLD,T-13,Chile,CHL,2,0,2,-2,0,0,24.0055,24.4555,24.5555,23.298155,23.366615,23.437122,43.715378,41.850044,41.049843,10.086427,9.931042,8.654987
WC-2014,M-2014-35,group stage,1,0,2014-06-23,17:00,2014-06-23 17:00:00,Brasília,Brazil,T-11,Cameroon,CMR,T-09,Brazil,BRA,1,4,-3,3,0,0,21.8445,20.5945,19.6445,20.378862,19.412539,18.767822,48.000782,53.40281,57.9663,10.823973,9.793058,8.427383
WC-2014,M-2014-36,group stage,1,0,2014-06-23,17:00,2014-06-23 17:00:00,Recife,Brazil,T-18,Croatia,HRV,T-46,Mexico,MEX,1,3,-2,2,0,0,24.356,24.506,24.556,27.03486,27.118599,27.174389,85.44524,83.90834,83.40222,14.458382,14.345898,14.118243
WC-2014,M-2014-37,group stage,1,0,2014-06-24,13:00,2014-06-24 13:00:00,Belo Horizonte,Brazil,T-17,Costa Rica,CRI,T-28,England,ENG,0,0,0,0,0,0,23.146,23.546,23.646,23.632698,23.538662,23.185026,42.89791,41.04047,40.657196,2.1897945,2.4149535,2.2768397
WC-2014,M-2014-38,group stage,1,0,2014-06-24,13:00,2014-06-24 13:00:00,Natal,Brazil,T-41,Italy,ITA,T-84,Uruguay,URY,0,1,-1,1,0,0,26.7435,26.793499,26.4935,28.517147,28.322308,27.658812,76.15654,76.629105,77.2864,26.230639,26.739542,26.493652
WC-2014,M-2014-39,group stage,1,0,2014-06-24,16:00,2014-06-24 16:00:00,Cuiabá,Brazil,T-44,Japan,JPN,T-16,Colombia,COL,1,4,-3,3,0,0,30.7565,29.3565,27.9065,32.176025,31.807213,30.701416,40.381413,48.294712,56.30056,3.671294,1.0182338,2.0364676
WC-2014,M-2014-40,group stage,1,0,2014-06-24,17:00,2014-06-24 17:00:00,Fortaleza,Brazil,T-33,Greece,GRC,T-42,Ivory Coast,CIV,2,1,1,-1,0,0,27.154501,26.6045,26.3045,29.26492,29.206474,29.452003,74.16284,77.302925,79.64541,19.855558,17.072504,14.118243
WC-2014,M-2014-44,group stage,1,0,2014-06-25,17:00,2014-06-25 17:00:00,Rio de Janeiro,Brazil,T-25,Ecuador,ECU,T-30,France,FRA,0,0,0,0,0,0,24.8475,22.7475,21.2475,26.59607,24.711515,23.06838,66.98048,79.15497,84.86035,8.891343,9.504273,9.3669195
WC-2014,M-2014-43,group stage,1,0,2014-06-25,16:00,2014-06-25 16:00:00,Manaus,Brazil,T-35,Honduras,HND,T-75,Switzerland,CHE,0,3,-3,3,0,0,29.2455,28.7455,27.6955,34.167988,34.240612,32.604233,71.435684,75.55169,77.93312,6.130579,4.1046314,6.0347
WC-2014,M-2014-41,group stage,1,0,2014-06-25,13:00,2014-06-25 13:00:00,Salvador,Brazil,T-08,Bosnia and Herzegovina,BIH,T-38,Iran,IRN,3,1,2,-2,0,0,23.907,23.807001,23.857,25.937792,25.766964,25.74725,79.071686,79.5486,78.091034,12.758432,13.32,12.864649
WC-2014,M-2014-42,group stage,1,0,2014-06-25,13:00,2014-06-25 13:00:00,Porto Alegre,Brazil,T-50,Nigeria,NGA,T-03,Argentina,ARG,2,3,-1,1,0,0,18.546,18.746,18.696,20.555777,20.705376,20.580606,88.42745,88.16394,89.2855,2.0364676,2.8116899,3.7585104
WC-2014,M-2014-45,group stage,1,0,2014-06-26,13:00,2014-06-26 13:00:00,Brasília,Brazil,T-58,Portugal,PRT,T-32,Ghana,GHA,2,1,1,-1,0,0,24.5445,25.0945,25.2445,23.856106,24.27436,23.774883,35.04317,33.453274,32.930923,9.983106,8.557102,7.968939
WC-2014,M-2014-46,group stage,1,0,2014-06-26,13:00,2014-06-26 13:00:00,Recife,Brazil,T-83,United States,USA,T-31,Germany,DEU,0,1,-1,1,0,0,25.606,25.556,25.456,29.463669,29.438393,29.604206,85.05422,86.869415,87.38694,10.853866,11.901798,10.08
WC-2014,M-2014-47,group stage,1,0,2014-06-26,17:00,2014-06-26 17:00:00,Curitiba,Brazil,T-01,Algeria,DZA,T-62,Russia,RUS,1,1,0,0,0,0,20.3015,18.7515,17.9515,21.428904,19.73137,18.716549,76.33687,82.98727,86.9771,6.4096174,6.8777895,8.217153
WC-2014,M-2014-48,group stage,1,0,2014-06-26,17:00,2014-06-26 17:00:00,São Paulo,Brazil,T-71,South Korea,KOR,T-06,Belgium,BEL,0,1,-1,1,0,0,24.6055,23.0555,22.2555,24.677782,23.083385,22.563362,47.1772,53.859108,54.541252,5.0911684,6.792466,3.6
WC-2014,M-2014-49,round of 16,0,1,2014-06-28,13:00,2014-06-28 13:00:00,Belo Horizonte,Brazil,T-09,Brazil,BRA,T-13,Chile,CHL,1,1,0,0,1,1,24.496,24.946,24.946,24.92611,24.877382,24.361193,46.685574,43.543068,42.547215,8.089993,7.289444,6.830519
WC-2014,M-2014-50,round of 16,0,1,2014-06-28,17:00,2014-06-28 17:00:00,Rio de Janeiro,Brazil,T-16,Colombia,COL,T-84,Uruguay,URY,2,0,2,-2,0,0,25.2975,23.3975,21.8475,27.4144,25.2822,23.682692,69.196724,78.26694,85.45415,9.422101,11.525623,11.542478
WC-2014,M-2014-52,round of 16,0,1,2014-06-29,17:00,2014-06-29 17:00:00,Recife,Brazil,T-17,Costa Rica,CRI,T-33,Greece,GRC,1,1,0,0,1,1,25.506,24.906,24.556,28.204422,27.669443,27.452637,80.26883,82.429016,83.65772,14.693999,13.684735,12.397806
WC-2014,M-2014-51,round of 16,0,1,2014-06-29,13:00,2014-06-29 13:00:00,Fortaleza,Brazil,T-48,Netherlands,NLD,T-46,Mexico,MEX,2,1,1,-1,0,0,28.3045,28.3545,28.2545,30.226898,30.150486,30.090675,66.2385,66.04615,66.83953,22.104116,20.929594,19.255793
WC-2014,M-2014-53,round of 16,0,1,2014-06-30,13:00,2014-06-30 13:00:00,Brasília,Brazil,T-30,France,FRA,T-50,Nigeria,NGA,2,0,2,-2,0,0,25.7945,26.2945,26.3945,25.984678,25.627947,24.909607,33.537224,31.261044,30.036154,5.04,5.315336,5.6233797
WC-2014,M-2014-54,round of 16,0,1,2014-06-30,17:00,2014-06-30 17:00:00,Porto Alegre,Brazil,T-31,Germany,DEU,T-01,Algeria,DZA,2,1,1,-1,1,0,13.596,13.596,13.696,10.617752,10.71715,11.028439,92.458244,90.65296,89.769585,25.567604,24.216522,22.657131
WC-2014,M-2014-55,round of 16,0,1,2014-07-01,13:00,2014-07-01 13:00:00,São Paulo,Brazil,T-03,Argentina,ARG,T-75,Switzerland,CHE,1,0,1,-1,1,0,21.7055,22.2055,22.3055,18.550781,18.629255,18.179602,27.038773,23.547493,21.925314,14.336861,13.527572,13.202726
WC-2014,M-2014-56,round of 16,0,1,2014-07-01,17:00,2014-07-01 17:00:00,Salvador,Brazil,T-06,Belgium,BEL,T-83,United States,USA,2,1,1,-1,1,0,24.657,24.257,24.107,27.23638,27.023708,26.812069,75.82979,78.39112,79.58975,9.1641035,8.404285,9.178235
WC-2014,M-2014-57,quarter-finals,0,1,2014-07-04,13:00,2014-07-04 13:00:00,Rio de Janeiro,Brazil,T-30,France,FRA,T-31,Germany,DEU,0,1,-1,1,0,0,28.5975,28.8975,28.6975,30.97221,30.47237,29.929794,51.399685,50.195587,51.587627,6.12,8.654986,10.703569
WC-2014,M-2014-58,quarter-finals,0,1,2014-07-04,17:00,2014-07-04 17:00:00,Fortaleza,Brazil,T-09,Brazil,BRA,T-16,Colombia,COL,2,1,1,-1,0,0,26.7545,25.9545,25.654501,27.508566,27.189796,27.145023,63.905434,69.3226,73.232475,19.110542,17.673029,18.014393
WC-2014,M-2014-59,quarter-finals,0,1,2014-07-05,13:00,2014-07-05 13:00:00,Brasília,Brazil,T-03,Argentina,ARG,T-06,Belgium,BEL,1,0,1,-1,0,0,23.8445,24.3445,24.4945,21.881004,22.365545,21.978365,30.467554,29.158968,28.698034,14.48972,12.594856,11.609651
WC-2014,M-2014-60,quarter-finals,0,1,2014-07-05,17:00,2014-07-05 17:00:00,Salvador,Brazil,T-48,Netherlands,NLD,T-17,Costa Rica,CRI,0,0,0,0,1,1,24.207,23.807001,23.607,26.724506,26.420538,26.23592,80.59102,82.04363,83.29375,11.525623,10.514218,10.587918
WC-2014,M-2014-61,semi-finals,0,1,2014-07-08,17:00,2014-07-08 17:00:00,Belo Horizonte,Brazil,T-09,Brazil,BRA,T-31,Germany,DEU,1,7,-6,6,0,0,21.296,20.096,18.996,21.096333,19.999622,18.995691,55.93098,61.82392,67.51008,5.937272,6.130579,6.162207
WC-2014,M-2014-62,semi-finals,0,1,2014-07-09,17:00,2014-07-09 17:00:00,São Paulo,Brazil,T-48,Netherlands,NLD,T-03,Argentina,ARG,0,0,0,0,1,1,16.9055,16.1555,15.6555,16.404783,15.895115,15.609047,85.48827,90.53593,94.079414,13.493999,12.229406,11.019764
WC-2014,M-2014-63,third-place match,0,1,2014-07-12,17:00,2014-07-12 17:00:00,Brasília,Brazil,T-09,Brazil,BRA,T-48,Netherlands,NLD,0,3,-3,3,0,0,24.4445,23.4445,22.2945,22.770102,22.275652,21.207546,36.965206,39.788166,43.52977,9.290511,6.193674,6.193674
WC-2014,M-2014-64,final,0,1,2014-07-13,16:00,2014-07-13 16:00:00,Rio de Janeiro,Brazil,T-31,Germany,DEU,T-03,Argentina,ARG,1,0,1,-1,1,0,21.3975,20.4975,19.2475,20.464405,19.827015,18.85864,65.00058,69.5898,76.41514,16.676977,15.39184,14.113653
WC-2018,M-2018-01,group stage,1,0,2018-06-14,18:00,2018-06-14 18:00:00,Moscow,Russia,T-62,Russia,RUS,T-63,Saudi Arabia,SAU,5,0,5,-5,0,0,16.078,15.728,14.778,13.257488,13.217882,13.004599,43.720787,46.959496,56.949703,9.220499,8.049845,5.815978
WC-2018,M-2018-04,group stage,1,0,2018-06-15,21:00,2018-06-15 21:00:00,Sochi,Russia,T-58,Portugal,PRT,T-73,Spain,ESP,3,3,0,0,0,0,24.152,23.802,23.152,27.318981,27.789474,26.217793,82.0858,86.17805,86.91378,7.9526596,3.9763298,8.473393
WC-2018,M-2018-02,group stage,1,0,2018-06-15,17:00,2018-06-15 17:00:00,Yekaterinburg,Russia,T-26,Egypt,EGY,T-84,Uruguay,URY,0,1,-1,1,0,0,12.9825,13.2825,12.8325,7.6957245,7.827263,7.7408924,47.86085,44.166046,44.674194,24.162947,24.312662,21.533897
WC-2018,M-2018-03,group stage,1,0,2018-06-15,18:00,2018-06-15 18:00:00,Saint Petersburg,Russia,T-47,Morocco,MAR,T-38,Iran,IRN,0,1,-1,1,0,0,23.752,23.002,22.052,21.419888,21.931313,22.3464,41.932327,46.740543,57.04377,16.179987,9.449572,4.8433046
WC-2018,M-2018-05,group stage,1,0,2018-06-16,13:00,2018-06-16 13:00:00,Kazan,Russia,T-30,France,FRA,T-04,Australia,AUS,2,1,1,-1,0,0,17.591,18.291,19.091,15.068237,15.004335,14.903133,41.46587,37.644627,35.5564,18.11841,20.082708,18.692286
WC-2018,M-2018-06,group stage,1,0,2018-06-16,16:00,2018-06-16 16:00:00,Moscow,Russia,T-03,Argentina,ARG,T-37,Iceland,ISL,1,1,0,0,0,0,22.278,22.328,22.028,20.755901,20.278803,20.13845,34.87649,34.5312,35.656902,8.654987,7.072878,6.28713
WC-2018,M-2018-07,group stage,1,0,2018-06-16,19:00,2018-06-16 19:00:00,Saransk,Russia,T-56,Peru,PER,T-22,Denmark,DNK,0,1,-1,1,0,0,17.6805,15.0305,12.830501,15.527636,13.166452,10.902773,45.577103,56.234375,63.53315,7.5685663,6.519877,6.489992
WC-2018,M-2018-08,group stage,1,0,2018-06-16,21:00,2018-06-16 21:00:00,Kaliningrad,Russia,T-18,Croatia,HRV,T-50,Nigeria,NGA,2,0,2,-2,0,0,16.3715,14.7715,13.5215,16.361067,15.070562,13.27294,79.78478,91.32749,95.22283,6.297428,5.3517847,7.7043357
WC-2018,M-2018-09,group stage,1,0,2018-06-17,16:00,2018-06-17 16:00:00,Samara,Russia,T-17,Costa Rica,CRI,T-66,Serbia,SRB,0,1,-1,1,0,0,22.6325,22.7825,22.4825,19.870087,19.329367,19.369625,30.12599,30.062927,32.260445,14.88242,15.137133,13.1041975
WC-2018,M-2018-10,group stage,1,0,2018-06-17,18:00,2018-06-17 18:00:00,Moscow,Russia,T-31,Germany,DEU,T-46,Mexico,MEX,0,1,-1,1,0,0,24.278,23.428,21.328,23.060835,22.901232,21.549917,34.494396,44.730934,59.14399,4.1046314,5.1544156,5.0528407
WC-2018,M-2018-11,group stage,1,0,2018-06-17,21:00,2018-06-17 21:00:00,Rostov-on-Don,Russia,T-09,Brazil,BRA,T-75,Switzerland,CHE,1,1,0,0,0,0,22.062,21.412,20.562,18.272278,17.594498,16.80707,25.722712,26.76486,29.018227,13.089354,13.281023,13.324863
WC-2018,M-2018-12,group stage,1,0,2018-06-18,15:00,2018-06-18 15:00:00,Nizhny Novgorod,Russia,T-74,Sweden,SWE,T-71,South Korea,KOR,1,0,1,-1,0,0,25.664001,25.964,25.814001,24.092373,24.46408,24.694586,38.320408,36.652786,39.396786,12.324414,10.390226,9.693296
WC-2018,M-2018-13,group stage,1,0,2018-06-18,18:00,2018-06-18 18:00:00,Sochi,Russia,T-06,Belgium,BEL,T-54,Panama,PAN,3,0,3,-3,0,0,24.202,23.452,22.202,26.992485,26.512917,25.837498,78.38321,82.76351,91.5055,8.049845,6.725354,4.2136917
WC-2018,M-2018-14,group stage,1,0,2018-06-18,21:00,2018-06-18 21:00:00,Volgograd,Russia,T-79,Tunisia,TUN,T-28,England,ENG,1,2,-1,1,0,0,21.4085,21.0585,21.8585,18.532421,18.339983,19.364817,29.050592,28.951876,26.69751,8.209263,6.696387,4.6102495
WC-2018,M-2018-17,group stage,1,0,2018-06-19,21:00,2018-06-19 21:00:00,Saint Petersburg,Russia,T-62,Russia,RUS,T-26,Egypt,EGY,3,1,2,-2,0,0,13.252,12.952,12.452,8.64161,8.883175,8.278405,87.68208,88.82584,87.609535,34.268143,30.344814,29.627363
WC-2018,M-2018-15,group stage,1,0,2018-06-19,15:00,2018-06-19 15:00:00,Saransk,Russia,T-16,Colombia,COL,T-44,Japan,JPN,1,2,-1,1,0,0,26.6805,26.530499,25.8305,24.393888,24.368095,23.671822,32.229866,33.518116,37.10839,13.363711,13.339445,15.03835
WC-2018,M-2018-16,group stage,1,0,2018-06-19,18:00,2018-06-19 18:00:00,Moscow,Russia,T-57,Poland,POL,T-65,Senegal,SEN,1,2,-1,1,0,0,25.977999,24.877998,23.528,23.973969,23.458126,22.990053,39.573822,45.279438,51.572205,16.203999,14.471821,10.1376915
WC-2018,M-2018-19,group stage,1,0,2018-06-20,18:00,2018-06-20 18:00:00,Rostov-on-Don,Russia,T-84,Uruguay,URY,T-63,Saudi Arabia,SAU,1,0,1,-1,0,0,31.562,29.062,26.712,31.236626,30.532131,26.543066,28.692272,46.414715,46.077778,4.73506,5.1544156,10.440001
WC-2018,M-2018-20,group stage,1,0,2018-06-20,21:00,2018-06-20 21:00:00,Kazan,Russia,T-38,Iran,IRN,T-73,Spain,ESP,0,1,-1,1,0,0,17.241,16.791,16.191,13.548779,12.652,12.548765,53.064564,53.674965,57.5007,21.03152,23.675303,21.03152
WC-2018,M-2018-18,group stage,1,0,2018-06-20,15:00,2018-06-20 15:00:00,Moscow,Russia,T-58,Portugal,PRT,T-47,Morocco,MAR,1,0,1,-1,0,0,22.078,22.477999,21.727999,16.496763,15.747057,15.693424,32.37036,27.060617,29.765219,29.59235,34.62369,30.657122
WC-2018,M-2018-22,group stage,1,0,2018-06-21,20:00,2018-06-21 20:00:00,Yekaterinburg,Russia,T-30,France,FRA,T-56,Peru,PER,1,0,1,-1,0,0,12.382501,11.6825,11.2325,9.12863,7.9856195,7.9563427,79.751915,79.92249,82.33685,20.49156,22.35481,19.469975
WC-2018,M-2018-23,group stage,1,0,2018-06-21,21:00,2018-06-21 21:00:00,Nizhny Novgorod,Russia,T-03,Argentina,ARG,T-18,Croatia,HRV,0,3,-3,3,0,0,16.164001,14.613999,13.814,13.684835,12.622017,11.876423,54.622864,63.2877,68.48942,11.753876,9.585739,9.904906
WC-2018,M-2018-21,group stage,1,0,2018-06-21,16:00,2018-06-21 16:00:00,Samara,Russia,T-22,Denmark,DNK,T-04,Australia,AUS,1,1,0,0,0,0,23.0825,23.0825,22.1325,18.131136,18.053474,17.737942,28.80624,30.464752,34.356167,24.162947,25.809765,22.782625
WC-2018,M-2018-24,group stage,1,0,2018-06-22,15:00,2018-06-22 15:00:00,Saint Petersburg,Russia,T-09,Brazil,BRA,T-17,Costa Rica,CRI,2,0,2,-2,0,0,17.302,17.652,18.252,12.886368,12.913155,12.523972,50.25498,44.786694,41.655678,24.766848,24.881702,30.928587
WC-2018,M-2018-25,group stage,1,0,2018-06-22,18:00,2018-06-22 18:00:00,Volgograd,Russia,T-50,Nigeria,NGA,T-37,Iceland,ISL,2,0,2,-2,0,0,30.4085,29.3085,25.8585,28.095451,27.345507,24.401318,22.771145,25.886116,34.590485,10.239453,9.422101,8.28
WC-2018,M-2018-26,group stage,1,0,2018-06-22,20:00,2018-06-22 20:00:00,Kaliningrad,Russia,T-66,Serbia,SRB,T-75,Switzerland,CHE,1,2,-1,1,0,0,14.5215,13.4215,13.4215,12.005627,10.917253,11.5842705,71.704926,79.63211,80.16654,16.343367,17.227419,12.849528
WC-2018,M-2018-27,group stage,1,0,2018-06-23,15:00,2018-06-23 15:00:00,Moscow,Russia,T-06,Belgium,BEL,T-79,Tunisia,TUN,5,2,3,-3,0,0,28.528,29.377998,28.578,30.36864,29.394901,28.603378,49.941093,45.476326,39.908463,9.83268,15.021105,7.7879906
WC-2018,M-2018-28,group stage,1,0,2018-06-23,18:00,2018-06-23 18:00:00,Rostov-on-Don,Russia,T-71,South Korea,KOR,T-46,Mexico,MEX,1,2,-1,1,0,0,33.112,27.962,25.712,30.816135,28.461372,27.339016,19.808044,54.918438,72.34418,10.44,16.700275,16.575644
WC-2018,M-2018-29,group stage,1,0,2018-06-23,21:00,2018-06-23 21:00:00,Sochi,Russia,T-31,Germany,DEU,T-74,Sweden,SWE,2,1,1,-1,0,0,21.202,20.852,21.052,23.159779,22.520224,22.540783,96.377945,96.3685,96.373886,15.1884165,15.941944,17.873556
WC-2018,M-2018-30,group stage,1,0,2018-06-24,15:00,2018-06-24 15:00:00,Nizhny Novgorod,Russia,T-28,England,ENG,T-54,Panama,PAN,6,1,5,-5,0,0,30.764,30.464,30.314001,29.731934,29.573746,30.3583,34.70044,37.78912,40.518604,14.512064,16.1198,12.181624
WC-2018,M-2018-31,group stage,1,0,2018-06-24,20:00,2018-06-24 20:00:00,Yekaterinburg,Russia,T-44,Japan,JPN,T-65,Senegal,SEN,2,2,0,0,0,0,23.1325,20.5325,17.5325,21.190336,19.584877,16.929197,42.181053,53.564552,68.32837,12.599998,8.161764,7.5942082
WC-2018,M-2018-32,group stage,1,0,2018-06-24,21:00,2018-06-24 21:00:00,Kazan,Russia,T-57,Poland,POL,T-16,Colombia,COL,0,3,-3,3,0,0,25.591,24.140999,23.091,27.523138,26.101622,25.02624,62.66195,69.84485,73.94018,6.519877,7.42159,7.289445
WC-2018,M-2018-33,group stage,1,0,2018-06-25,17:00,2018-06-25 17:00:00,Volgograd,Russia,T-63,Saudi Arabia,SAU,T-26,Egypt,EGY,2,1,1,-1,0,0,34.2585,33.7585,32.608498,33.10942,31.875916,30.817318,21.277473,21.732475,23.417582,6.0347,10.883676,10.538843
WC-2018,M-2018-34,group stage,1,0,2018-06-25,18:00,2018-06-25 18:00:00,Samara,Russia,T-84,Uruguay,URY,T-62,Russia,RUS,3,0,3,-3,0,0,31.432499,30.3325,28.2325,31.511658,31.671726,31.38795,35.11233,43.05919,63.8275,8.759178,5.95906,7.386582
WC-2018,M-2018-35,group stage,1,0,2018-06-25,20:00,2018-06-25 20:00:00,Kaliningrad,Russia,T-73,Spain,ESP,T-47,Morocco,MAR,2,2,0,0,0,0,14.6215,13.7715,12.5215,13.812725,13.4463825,12.2423,81.134094,85.72363,92.091606,8.557102,5.2416787,4.6102495
WC-2018,M-2018-36,group stage,1,0,2018-06-25,21:00,2018-06-25 21:00:00,Saransk,Russia,T-38,Iran,IRN,T-58,Portugal,PRT,1,1,0,0,0,0,23.380499,22.130499,21.1805,23.352034,22.462933,21.963572,60.985565,64.532646,68.17234,12.768586,9.504272,6.28713
WC-2018,M-2018-39,group stage,1,0,2018-06-26,21:00,2018-06-26 21:00:00,Rostov-on-Don,Russia,T-37,Iceland,ISL,T-18,Croatia,HRV,1,2,-1,1,0,0,28.662,28.162,27.212,26.961067,26.171492,26.01824,42.601982,43.43606,46.064354,22.322903,23.928492,18.59845
WC-2018,M-2018-40,group stage,1,0,2018-06-26,21:00,2018-06-26 21:00:00,Saint Petersburg,Russia,T-50,Nigeria,NGA,T-03,Argentina,ARG,1,2,-1,1,0,0,17.902,16.252,14.402,16.933224,15.358494,13.552864,64.02681,69.67406,80.036285,8.766573,7.6367526,7.9526596
WC-2018,M-2018-37,group stage,1,0,2018-06-26,17:00,2018-06-26 17:00:00,Sochi,Russia,T-04,Australia,AUS,T-56,Peru,PER,0,2,-2,2,0,0,25.902,25.302,24.802,30.087852,29.73016,29.523098,86.3786,88.436134,90.56224,10.829959,8.350138,5.937272
WC-2018,M-2018-38,group stage,1,0,2018-06-26,17:00,2018-06-26 17:00:00,Moscow,Russia,T-22,Denmark,DNK,T-30,France,FRA,0,0,0,0,0,0,24.178,23.928,23.127998,22.7072,22.120583,21.97198,35.780968,36.943615,44.946377,6.6185193,9.3669195,9.0645685
WC-2018,M-2018-41,group stage,1,0,2018-06-27,17:00,2018-06-27 17:00:00,Kazan,Russia,T-71,South Korea,KOR,T-31,Germany,DEU,2,0,2,-2,0,0,27.991,27.541,26.741,26.321339,26.135666,26.516602,41.734848,42.846375,47.906643,19.809813,18.0,12.413476
WC-2018,M-2018-42,group stage,1,0,2018-06-27,19:00,2018-06-27 19:00:00,Yekaterinburg,Russia,T-46,Mexico,MEX,T-74,Sweden,SWE,0,3,-3,3,0,0,27.432499,26.7825,24.7825,26.343372,25.994833,24.239456,32.87882,34.38721,42.22076,6.9247384,5.0528407,5.991594
WC-2018,M-2018-43,group stage,1,0,2018-06-27,21:00,2018-06-27 21:00:00,Moscow,Russia,T-66,Serbia,SRB,T-09,Brazil,BRA,0,2,-2,2,0,0,20.977999,19.428,18.428,19.307356,18.333,17.32708,50.05769,56.580826,60.829327,11.901798,8.759178,9.107359
WC-2018,M-2018-44,group stage,1,0,2018-06-27,21:00,2018-06-27 21:00:00,Nizhny Novgorod,Russia,T-75,Switzerland,CHE,T-17,Costa Rica,CRI,2,2,0,0,0,0,20.214,20.214,18.564001,19.143436,18.670738,17.589836,58.105343,52.072784,60.257298,10.966713,10.805999,8.209263
WC-2018,M-2018-47,group stage,1,0,2018-06-28,20:00,2018-06-28 20:00:00,Kaliningrad,Russia,T-28,England,ENG,T-06,Belgium,BEL,0,1,-1,1,0,0,21.021502,19.6215,18.771502,18.868576,17.297031,16.61794,54.767014,55.324642,56.22787,18.079027,16.87398,14.618837
WC-2018,M-2018-48,group stage,1,0,2018-06-28,21:00,2018-06-28 21:00:00,Saransk,Russia,T-54,Panama,PAN,T-79,Tunisia,TUN,1,2,-1,1,0,0,19.880499,18.530499,16.780499,18.9956,17.912363,15.8584175,55.760006,61.055912,68.63022,7.729527,6.1094027,8.404285
WC-2018,M-2018-45,group stage,1,0,2018-06-28,17:00,2018-06-28 17:00:00,Volgograd,Russia,T-44,Japan,JPN,T-57,Poland,POL,0,1,-1,1,0,0,34.858498,34.158497,32.858498,32.60819,31.933681,30.858532,24.157553,25.45072,29.523369,18.328207,18.584509,19.602652
WC-2018,M-2018-46,group stage,1,0,2018-06-28,18:00,2018-06-28 18:00:00,Samara,Russia,T-65,Senegal,SEN,T-16,Colombia,COL,0,1,-1,1,0,0,26.7325,25.8325,24.3325,23.809576,23.812508,22.848913,32.4629,36.738445,41.399574,18.0036,13.797912,11.013882
WC-2018,M-2018-49,round of 16,0,1,2018-06-30,17:00,2018-06-30 17:00:00,Kazan,Russia,T-30,France,FRA,T-03,Argentina,ARG,4,3,1,-1,0,0,27.640999,27.441,26.390999,26.744757,26.664545,26.852251,34.743736,34.68762,45.396976,7.5942082,6.3690495,4.8433046
WC-2018,M-2018-50,round of 16,0,1,2018-06-30,21:00,2018-06-30 21:00:00,Sochi,Russia,T-84,Uruguay,URY,T-58,Portugal,PRT,2,1,1,-1,0,0,24.902,24.702,24.452,29.71558,29.546242,29.021832,93.34093,92.490875,93.03785,7.7879906,6.12,7.386582
WC-2018,M-2018-51,round of 16,0,1,2018-07-01,17:00,2018-07-01 17:00:00,Moscow,Russia,T-73,Spain,ESP,T-62,Russia,RUS,1,1,0,0,1,1,24.227999,22.028,21.727999,25.164268,22.382624,23.442122,66.22512,78.31264,83.0759,12.10157,17.782688,10.514218
WC-2018,M-2018-52,round of 16,0,1,2018-07-01,21:00,2018-07-01 21:00:00,Nizhny Novgorod,Russia,T-18,Croatia,HRV,T-22,Denmark,DNK,1,1,0,0,1,1,24.714,24.364,24.264,24.882307,24.328365,23.570787,56.77622,58.35005,55.04779,11.770403,13.441071,15.315873
WC-2018,M-2018-53,round of 16,0,1,2018-07-02,18:00,2018-07-02 18:00:00,Samara,Russia,T-09,Brazil,BRA,T-46,Mexico,MEX,2,0,2,-2,0,0,32.5825,31.3825,28.9825,32.323364,32.4933,30.425797,32.05645,40.296062,48.19585,10.086427,7.2359104,6.830519
WC-2018,M-2018-54,round of 16,0,1,2018-07-02,21:00,2018-07-02 21:00:00,Rostov-on-Don,Russia,T-06,Belgium,BEL,T-44,Japan,JPN,3,2,1,-1,0,0,22.512001,22.262001,22.112001,22.704111,21.5955,20.652042,57.156647,50.902573,48.394497,6.638072,7.968939,11.525623
WC-2018,M-2018-55,round of 16,0,1,2018-07-03,17:00,2018-07-03 17:00:00,Saint Petersburg,Russia,T-74,Sweden,SWE,T-75,Switzerland,CHE,1,0,1,-1,0,0,18.502,18.602,16.752,17.522228,17.344744,15.021742,59.050262,57.517616,70.235725,7.5170207,8.825508,14.618837
WC-2018,M-2018-56,round of 16,0,1,2018-07-03,21:00,2018-07-03 21:00:00,Moscow,Russia,T-16,Colombia,COL,T-28,England,ENG,1,1,0,0,1,1,15.628,14.928,14.778,14.139156,13.818558,14.040409,71.67176,74.96586,76.96364,11.367109,8.766573,6.725354
WC-2018,M-2018-57,quarter-finals,0,1,2018-07-06,17:00,2018-07-06 17:00:00,Nizhny Novgorod,Russia,T-84,Uruguay,URY,T-30,France,FRA,0,2,-2,2,0,0,20.114,19.164001,18.664001,20.847675,19.502344,20.277718,77.78311,79.65833,81.3976,9.422101,10.630672,1.484318
WC-2018,M-2018-58,quarter-finals,0,1,2018-07-06,21:00,2018-07-06 21:00:00,Kazan,Russia,T-09,Brazil,BRA,T-06,Belgium,BEL,1,2,-1,1,0,0,21.390999,20.491,19.241,21.88315,20.996815,19.809061,63.750896,68.91853,77.15468,6.130579,6.924738,7.928178
WC-2018,M-2018-60,quarter-finals,0,1,2018-07-07,21:00,2018-07-07 21:00:00,Sochi,Russia,T-62,Russia,RUS,T-18,Croatia,HRV,2,2,0,0,1,1,24.001999,23.352,21.902,28.519882,27.765308,25.534071,87.25783,91.85551,95.22118,1.835647,3.319036,5.506941
WC-2018,M-2018-59,quarter-finals,0,1,2018-07-07,18:00,2018-07-07 18:00:00,Samara,Russia,T-74,Sweden,SWE,T-28,England,ENG,0,2,-2,2,0,0,25.9825,25.0325,23.5325,25.583057,25.142673,24.22069,41.17674,48.385033,57.963634,6.489992,6.638072,6.151683
WC-2018,M-2018-61,semi-finals,0,1,2018-07-10,21:00,2018-07-10 21:00:00,Saint Petersburg,Russia,T-30,France,FRA,T-06,Belgium,BEL,1,0,1,-1,0,0,16.302,15.752,14.102,16.070026,15.739441,14.10528,76.69624,80.487015,90.68805,6.297428,5.2416787,5.5887027
WC-2018,M-2018-62,semi-finals,0,1,2018-07-11,21:00,2018-07-11 21:00:00,Moscow,Russia,T-18,Croatia,HRV,T-28,England,ENG,2,1,1,-1,1,0,18.828,18.328,17.727999,20.780014,19.809858,18.899414,91.872734,92.71934,92.68701,5.0142193,7.2,7.5942073
WC-2018,M-2018-63,third-place match,0,1,2018-07-14,17:00,2018-07-14 17:00:00,Saint Petersburg,Russia,T-06,Belgium,BEL,T-28,England,ENG,2,0,2,-2,0,0,26.152,25.602,24.552,26.672459,25.931047,24.963516,52.252636,53.81041,58.957115,9.449572,10.630672,11.298495
WC-2018,M-2018-64,final,0,1,2018-07-15,18:00,2018-07-15 18:00:00,Moscow,Russia,T-30,France,FRA,T-18,Croatia,HRV,4,2,2,-2,0,0,25.078,24.678,24.078,26.59046,26.152016,25.745968,62.35103,66.94606,71.6052,7.69592,10.24578,10.495713
WC-2022,M-2022-01,group stage,1,0,2022-11-20,19:00,2022-11-20 19:00:00,Al Khor,Qatar,T-59,Qatar,QAT,T-25,Ecuador,ECU,0,2,-2,2,0,0,23.6,23.3,23.0,22.570389,22.523384,22.1122,68.65136,69.465034,67.45483,25.501621,23.469128,22.039528
WC-2022,M-2022-04,group stage,1,0,2022-11-21,22:00,2022-11-21 22:00:00,Al Rayyan,Qatar,T-83,United States,USA,T-85,Wales,WAL,1,1,0,0,0,0,20.130499,19.4305,18.780499,19.945189,19.112492,18.363111,69.96931,72.13488,74.391754,11.384198,11.792404,12.10157
WC-2022,M-2022-02,group stage,1,0,2022-11-21,16:00,2022-11-21 16:00:00,Al Rayyan,Qatar,T-28,England,ENG,T-38,Iran,IRN,6,2,4,-4,0,0,25.5805,24.380499,23.5805,24.06707,23.54579,23.178831,50.45328,56.331596,61.42332,20.592503,17.49615,16.135872
WC-2022,M-2022-03,group stage,1,0,2022-11-21,19:00,2022-11-21 19:00:00,Doha,Qatar,T-65,Senegal,SEN,T-48,Netherlands,NLD,0,2,-2,2,0,0,23.332499,22.582499,21.832499,22.858492,22.359703,21.697325,65.62084,67.37033,68.08424,18.864824,16.299694,14.186923
WC-2022,M-2022-05,group stage,1,0,2022-11-22,13:00,2022-11-22 13:00:00,Lusail,Qatar,T-03,Argentina,ARG,T-63,Saudi Arabia,SAU,1,2,-1,1,0,0,27.4,27.3,26.9,27.7344,26.99777,27.316122,44.076088,43.763912,43.22962,10.233123,10.703569,4.452954
WC-2022,M-2022-06,group stage,1,0,2022-11-22,16:00,2022-11-22 16:00:00,Al Rayyan,Qatar,T-22,Denmark,DNK,T-79,Tunisia,TUN,0,0,0,0,0,0,26.780499,25.630499,24.8305,27.405056,26.366598,26.243666,43.621105,50.14161,55.723267,3.096837,5.04,2.7416782
WC-2022,M-2022-07,group stage,1,0,2022-11-22,19:00,2022-11-22 19:00:00,Doha,Qatar,T-46,Mexico,MEX,T-57,Poland,POL,0,0,0,0,0,0,24.582499,23.682499,22.6325,26.13653,24.785332,22.156963,59.721214,62.63485,59.262024,4.1046314,6.924738,12.864649
WC-2022,M-2022-08,group stage,1,0,2022-11-22,22:00,2022-11-22 22:00:00,Al Wakrah,Qatar,T-30,France,FRA,T-04,Australia,AUS,4,1,3,-3,0,0,21.271502,20.3215,19.5715,20.802105,19.865316,18.948004,58.36201,61.07017,62.31548,9.19939,8.654986,8.905908
WC-2022,M-2022-09,group stage,1,0,2022-11-23,13:00,2022-11-23 13:00:00,Al Khor,Qatar,T-47,Morocco,MAR,T-18,Croatia,HRV,0,0,0,0,0,0,27.05,27.0,26.5,25.78186,24.889357,24.680779,27.747128,28.40665,34.42311,7.7043357,9.422101,11.681987
WC-2022,M-2022-10,group stage,1,0,2022-11-23,16:00,2022-11-23 16:00:00,Al Rayyan,Qatar,T-31,Germany,DEU,T-44,Japan,JPN,1,2,-1,1,0,0,27.1805,25.6805,24.530499,25.514545,24.459387,24.106136,28.946156,37.817005,48.566772,7.0911775,8.905908,9.360001
WC-2022,M-2022-11,group stage,1,0,2022-11-23,19:00,2022-11-23 19:00:00,Doha,Qatar,T-73,Spain,ESP,T-17,Costa Rica,CRI,7,0,7,-7,0,0,23.9825,23.082499,22.182499,24.321524,23.627476,22.667727,55.51257,61.309578,66.64661,7.9036193,8.311245,9.931042
WC-2022,M-2022-12,group stage,1,0,2022-11-23,22:00,2022-11-23 22:00:00,Al Rayyan,Qatar,T-06,Belgium,BEL,T-12,Canada,CAN,1,0,1,-1,0,0,19.880499,18.780499,18.280499,18.48649,17.694544,17.370949,50.437233,56.4187,63.687614,8.28,7.4128532,8.942214
WC-2022,M-2022-16,group stage,1,0,2022-11-24,22:00,2022-11-24 22:00:00,Lusail,Qatar,T-09,Brazil,BRA,T-66,Serbia,SRB,2,0,2,-2,0,0,23.5,23.2,22.75,23.441925,23.67026,22.87508,47.81451,48.368053,49.539898,4.198285,0.35999998,2.6208394
WC-2022,M-2022-13,group stage,1,0,2022-11-24,13:00,2022-11-24 13:00:00,Al Wakrah,Qatar,T-75,Switzerland,CHE,T-11,Cameroon,CMR,1,0,1,-1,0,0,28.3715,28.671501,28.8215,25.948284,25.48441,25.388552,15.811006,15.425529,15.016623,7.10031,7.172949,8.557102
WC-2022,M-2022-14,group stage,1,0,2022-11-24,16:00,2022-11-24 16:00:00,Al Rayyan,Qatar,T-84,Uruguay,URY,T-71,South Korea,KOR,0,0,0,0,0,0,27.9805,25.7305,24.780499,24.715414,23.013756,22.47252,16.127104,22.74399,32.912148,7.729527,7.386582,11.165805
WC-2022,M-2022-15,group stage,1,0,2022-11-24,19:00,2022-11-24 19:00:00,Doha,Qatar,T-58,Portugal,PRT,T-32,Ghana,GHA,3,2,1,-1,0,0,24.6325,24.6325,25.082499,23.450102,23.958408,24.436802,38.41431,39.195057,37.774635,7.289445,4.379589,3.8939953
WC-2022,M-2022-19,group stage,1,0,2022-11-25,19:00,2022-11-25 19:00:00,Al Rayyan,Qatar,T-48,Netherlands,NLD,T-25,Ecuador,ECU,1,1,0,0,0,0,24.8305,24.130499,23.530499,25.406904,24.870144,24.248987,56.986687,61.54843,64.62763,9.422101,9.826088,10.538843
WC-2022,M-2022-20,group stage,1,0,2022-11-25,22:00,2022-11-25 22:00:00,Al Khor,Qatar,T-28,England,ENG,T-83,United States,USA,0,0,0,0,0,0,22.8,22.2,21.7,24.466347,23.916094,23.407133,73.42728,78.09224,81.272,7.928178,8.825508,9.360001
WC-2022,M-2022-17,group stage,1,0,2022-11-25,13:00,2022-11-25 13:00:00,Al Rayyan,Qatar,T-85,Wales,WAL,T-38,Iran,IRN,0,2,-2,2,0,0,29.9305,29.2305,28.6805,29.186653,27.842472,26.667866,31.222649,37.56858,34.91931,10.787993,16.645864,17.31746
WC-2022,M-2022-18,group stage,1,0,2022-11-25,16:00,2022-11-25 16:00:00,Doha,Qatar,T-59,Qatar,QAT,T-65,Senegal,SEN,1,3,-2,2,0,0,27.5325,26.582499,26.182499,26.498745,26.461061,26.583881,41.879856,48.79857,53.44305,14.587776,12.074766,11.304229
WC-2022,M-2022-24,group stage,1,0,2022-11-26,22:00,2022-11-26 22:00:00,Lusail,Qatar,T-03,Argentina,ARG,T-46,Mexico,MEX,2,0,2,-2,0,0,22.85,21.65,21.05,25.471144,23.611843,22.426937,78.431786,79.24916,75.97069,4.8433046,6.2145634,6.519877
WC-2022,M-2022-23,group stage,1,0,2022-11-26,19:00,2022-11-26 19:00:00,Doha,Qatar,T-30,France,FRA,T-22,Denmark,DNK,2,1,1,-1,0,0,26.2825,24.8825,23.8825,29.253792,27.148552,26.845558,62.22752,69.985085,78.580185,1.08,7.69592,5.937272
WC-2022,M-2022-21,group stage,1,0,2022-11-26,13:00,2022-11-26 13:00:00,Al Wakrah,Qatar,T-79,Tunisia,TUN,T-04,Australia,AUS,0,1,-1,1,0,0,31.2215,31.2215,30.921501,31.11618,30.45647,29.84053,26.221579,27.296646,28.804516,4.1046314,5.634891,8.905908
WC-2022,M-2022-22,group stage,1,0,2022-11-26,16:00,2022-11-26 16:00:00,Al Rayyan,Qatar,T-57,Poland,POL,T-63,Saudi Arabia,SAU,2,0,2,-2,0,0,30.1805,28.030499,26.880499,29.308823,28.323425,27.826561,32.664,45.842144,51.11875,10.1376915,10.1376915,7.42159
WC-2022,M-2022-25,group stage,1,0,2022-11-27,13:00,2022-11-27 13:00:00,Al Rayyan,Qatar,T-44,Japan,JPN,T-17,Costa Rica,CRI,0,1,-1,1,0,0,31.9805,31.9305,31.5805,28.91935,28.410465,28.20908,23.893122,23.479826,25.364075,21.38897,21.437386,21.980644
WC-2022,M-2022-26,group stage,1,0,2022-11-27,16:00,2022-11-27 16:00:00,Doha,Qatar,T-06,Belgium,BEL,T-47,Morocco,MAR,0,2,-2,2,0,0,30.2825,28.932499,27.932499,27.623388,26.668665,25.478899,29.112593,31.154202,31.718365,18.947083,15.94601,16.08761
WC-2022,M-2022-27,group stage,1,0,2022-11-27,19:00,2022-11-27 19:00:00,Al Rayyan,Qatar,T-18,Croatia,HRV,T-12,Canada,CAN,4,1,3,-3,0,0,26.030499,24.880499,23.880499,23.993261,23.053293,22.185614,35.463573,38.872997,42.249577,13.237038,12.475961,12.261157
WC-2022,M-2022-28,group stage,1,0,2022-11-27,22:00,2022-11-27 22:00:00,Al Khor,Qatar,T-73,Spain,ESP,T-31,Germany,DEU,1,1,0,0,0,0,22.6,22.2,22.1,24.051617,24.129276,24.101109,82.66238,90.384834,93.20408,14.84318,15.192682,16.135872
WC-2022,M-2022-29,group stage,1,0,2022-11-28,13:00,2022-11-28 13:00:00,Al Wakrah,Qatar,T-11,Cameroon,CMR,T-66,Serbia,SRB,3,3,0,0,0,0,31.521502,31.421501,31.021502,29.18892,27.978622,27.723867,35.4794,32.366863,32.89674,28.660158,29.88217,28.657898
WC-2022,M-2022-30,group stage,1,0,2022-11-28,16:00,2022-11-28 16:00:00,Al Rayyan,Qatar,T-71,South Korea,KOR,T-32,Ghana,GHA,2,3,-1,1,0,0,29.2305,27.4305,25.9305,26.663584,26.257294,25.754065,40.21933,48.7106,60.034744,27.288855,21.26744,19.878391
WC-2022,M-2022-31,group stage,1,0,2022-11-28,19:00,2022-11-28 19:00:00,Doha,Qatar,T-09,Brazil,BRA,T-75,Switzerland,CHE,1,0,1,-1,0,0,25.3825,24.582499,24.082499,25.486118,24.936611,24.3831,66.0483,71.2507,73.41768,21.068459,20.808498,21.178896
WC-2022,M-2022-32,group stage,1,0,2022-11-28,22:00,2022-11-28 22:00:00,Lusail,Qatar,T-58,Portugal,PRT,T-84,Uruguay,URY,2,0,2,-2,0,0,23.1,22.55,21.95,23.785282,23.266417,22.73792,77.4953,78.14349,80.79662,18.278645,16.78156,16.135872
WC-2022,M-2022-33,group stage,1,0,2022-11-29,18:00,2022-11-29 18:00:00,Al Rayyan,Qatar,T-25,Ecuador,ECU,T-65,Senegal,SEN,1,2,-1,1,0,0,25.4305,24.7305,23.380499,26.786392,26.80084,26.204927,63.419483,71.05594,78.50823,10.594036,9.360001,5.1919937
WC-2022,M-2022-34,group stage,1,0,2022-11-29,18:00,2022-11-29 18:00:00,Al Khor,Qatar,T-48,Netherlands,NLD,T-59,Qatar,QAT,2,0,2,-2,0,0,25.2,24.65,24.1,27.265888,26.694836,26.5554,71.14182,72.832756,74.11027,10.948973,10.594036,6.9527545
WC-2022,M-2022-35,group stage,1,0,2022-11-29,22:00,2022-11-29 22:00:00,Doha,Qatar,T-38,Iran,IRN,T-83,United States,USA,0,1,-1,1,0,0,25.332499,22.7325,22.082499,28.52692,25.641256,24.437523,70.72571,83.45126,86.81488,3.319036,5.8048253,9.605998
WC-2022,M-2022-36,group stage,1,0,2022-11-29,22:00,2022-11-29 22:00:00,Al Rayyan,Qatar,T-85,Wales,WAL,T-28,England,ENG,0,3,-3,3,0,0,21.9805,21.8305,21.130499,24.568369,23.768873,23.150606,84.93772,83.8696,86.18565,6.489992,9.793058,8.427383
WC-2022,M-2022-39,group stage,1,0,2022-11-30,22:00,2022-11-30 22:00:00,Doha,Qatar,T-57,Poland,POL,T-03,Argentina,ARG,0,2,-2,2,0,0,22.7825,24.432499,21.1325,25.463974,28.039204,23.186474,83.71599,76.7387,90.03039,7.7043357,2.0364676,10.495713
WC-2022,M-2022-40,group stage,1,0,2022-11-30,22:00,2022-11-30 22:00:00,Lusail,Qatar,T-63,Saudi Arabia,SAU,T-46,Mexico,MEX,1,2,-1,1,0,0,22.1,21.2,20.15,24.605282,22.365839,22.018805,82.34535,81.97757,84.4764,5.8048253,11.983188,5.495161
WC-2022,M-2022-37,group stage,1,0,2022-11-30,18:00,2022-11-30 18:00:00,Al Wakrah,Qatar,T-04,Australia,AUS,T-22,Denmark,DNK,1,0,1,-1,0,0,25.271502,24.421501,23.521502,26.924421,26.894928,26.38812,67.4868,77.69183,83.28392,11.212135,10.464797,8.654987
WC-2022,M-2022-38,group stage,1,0,2022-11-30,18:00,2022-11-30 18:00:00,Al Rayyan,Qatar,T-79,Tunisia,TUN,T-30,France,FRA,1,0,1,-1,0,0,25.3305,24.380499,23.4805,26.93845,26.886457,26.34209,66.037544,75.084175,81.246475,10.587918,8.209263,7.145796
WC-2022,M-2022-44,group stage,1,0,2022-12-01,22:00,2022-12-01 22:00:00,Al Rayyan,Qatar,T-44,Japan,JPN,T-73,Spain,ESP,2,1,1,-1,0,0,21.780499,20.6805,19.780499,21.721226,21.061813,20.304014,62.409225,70.07463,76.01041,10.009036,8.913181,9.0
WC-2022,M-2022-43,group stage,1,0,2022-12-01,22:00,2022-12-01 22:00:00,Al Khor,Qatar,T-17,Costa Rica,CRI,T-31,Germany,DEU,2,4,-2,2,0,0,21.6,20.9,20.45,23.231205,22.641912,22.005152,82.80136,88.34534,89.98119,10.514218,10.883676,11.681987
WC-2022,M-2022-41,group stage,1,0,2022-12-01,18:00,2022-12-01 18:00:00,Doha,Qatar,T-12,Canada,CAN,T-47,Morocco,MAR,1,2,-1,1,0,0,25.8825,25.6325,24.832499,26.451704,26.744465,25.462406,53.19636,57.728977,58.835724,9.19939,8.4042845,10.44
WC-2022,M-2022-42,group stage,1,0,2022-12-01,18:00,2022-12-01 18:00:00,Al Rayyan,Qatar,T-18,Croatia,HRV,T-06,Belgium,BEL,0,0,0,0,0,0,25.6805,24.880499,23.8305,26.23895,26.649841,24.452108,51.46492,58.659924,57.478115,7.4128532,2.6208394,6.989936
WC-2022,M-2022-45,group stage,1,0,2022-12-02,18:00,2022-12-02 18:00:00,Al Wakrah,Qatar,T-32,Ghana,GHA,T-84,Uruguay,URY,0,2,-2,2,0,0,26.921501,25.671501,24.3715,26.508326,25.738443,26.01653,49.678696,59.785522,76.72936,15.629971,17.287498,15.277749
WC-2022,M-2022-46,group stage,1,0,2022-12-02,18:00,2022-12-02 18:00:00,Al Rayyan,Qatar,T-71,South Korea,KOR,T-58,Portugal,PRT,2,1,1,-1,0,0,26.8305,25.280499,24.2305,25.874937,26.018253,26.134281,47.622803,66.65008,78.87307,17.399586,16.87398,14.57889
WC-2022,M-2022-47,group stage,1,0,2022-12-02,22:00,2022-12-02 22:00:00,Lusail,Qatar,T-11,Cameroon,CMR,T-09,Brazil,BRA,1,0,1,-1,0,0,23.1,22.6,22.15,25.039228,24.612143,24.24682,85.05479,88.48566,91.220955,14.76439,14.799459,14.4
WC-2022,M-2022-48,group stage,1,0,2022-12-02,22:00,2022-12-02 22:00:00,Doha,Qatar,T-66,Serbia,SRB,T-75,Switzerland,CHE,2,3,-1,1,0,0,23.4825,22.9825,22.5325,25.26264,24.771019,24.444838,83.02293,85.83353,89.30181,15.7908325,15.9134655,15.778516
WC-2022,M-2022-49,round of 16,0,1,2022-12-03,18:00,2022-12-03 18:00:00,Al Rayyan,Qatar,T-48,Netherlands,NLD,T-83,United States,USA,3,1,2,-2,0,0,25.9305,24.8305,23.780499,25.940048,25.458717,24.787434,54.06587,60.543797,65.92333,13.849476,11.720751,10.144082
WC-2022,M-2022-50,round of 16,0,1,2022-12-03,22:00,2022-12-03 22:00:00,Al Rayyan,Qatar,T-03,Argentina,ARG,T-04,Australia,AUS,2,1,1,-1,0,0,21.780499,21.130499,20.5805,22.909988,22.230793,21.815357,77.05329,81.968956,86.40261,10.948973,12.218805,12.229406
WC-2022,M-2022-51,round of 16,0,1,2022-12-04,18:00,2022-12-04 18:00:00,Doha,Qatar,T-30,France,FRA,T-57,Poland,POL,3,1,2,-2,0,0,25.932499,25.5325,24.932499,26.679573,26.410755,25.50591,60.414867,60.132355,60.375404,13.854155,11.609651,12.245294
WC-2022,M-2022-52,round of 16,0,1,2022-12-04,22:00,2022-12-04 22:00:00,Al Khor,Qatar,T-28,England,ENG,T-65,Senegal,SEN,3,0,3,-3,0,0,22.15,21.25,20.4,23.144796,22.412987,21.527992,71.47992,76.24389,79.324265,9.422101,8.707237,8.373386
WC-2022,M-2022-53,round of 16,0,1,2022-12-05,18:00,2022-12-05 18:00:00,Al Wakrah,Qatar,T-44,Japan,JPN,T-18,Croatia,HRV,1,1,0,0,1,1,25.421501,25.021502,24.171501,27.296398,27.091988,26.65665,68.36403,69.359665,73.43292,10.829959,9.0,6.489992
WC-2022,M-2022-54,round of 16,0,1,2022-12-05,22:00,2022-12-05 22:00:00,Doha,Qatar,T-09,Brazil,BRA,T-71,South Korea,KOR,4,1,3,-3,0,0,23.7825,23.5325,23.432499,26.389664,26.505766,26.564552,75.22089,78.53003,80.489174,5.692099,4.6800003,4.6102495
WC-2022,M-2022-55,round of 16,0,1,2022-12-06,18:00,2022-12-06 18:00:00,Al Rayyan,Qatar,T-47,Morocco,MAR,T-73,Spain,ESP,0,0,0,0,1,1,24.6805,23.9305,23.4805,26.382704,26.062897,25.861723,71.046776,77.61909,83.53639,11.720751,11.113451,12.015589
WC-2022,M-2022-56,round of 16,0,1,2022-12-06,22:00,2022-12-06 22:00:00,Lusail,Qatar,T-58,Portugal,PRT,T-75,Switzerland,CHE,6,1,5,-5,0,0,23.2,22.95,22.6,25.547678,25.313839,24.982311,86.91819,87.97164,88.48566,13.570615,13.281023,12.261157
WC-2022,M-2022-57,quarter-finals,0,1,2022-12-09,18:00,2022-12-09 18:00:00,Al Rayyan,Qatar,T-18,Croatia,HRV,T-09,Brazil,BRA,1,1,0,0,1,1,21.8305,21.380499,20.5805,18.784622,18.676071,17.972088,44.13782,45.064655,47.97774,19.228851,16.704155,16.418526
WC-2022,M-2022-58,quarter-finals,0,1,2022-12-09,22:00,2022-12-09 22:00:00,Lusail,Qatar,T-48,Netherlands,NLD,T-03,Argentina,ARG,2,2,0,0,1,1,20.0,19.75,19.65,17.754,17.347515,17.228588,53.964035,55.173145,56.073956,16.29174,17.566378,18.0
WC-2022,M-2022-59,quarter-finals,0,1,2022-12-10,18:00,2022-12-10 18:00:00,Doha,Qatar,T-47,Morocco,MAR,T-58,Portugal,PRT,1,0,1,-1,0,0,20.2325,19.7325,19.2825,17.339884,17.089664,16.757645,57.53713,60.135094,61.029293,23.1774,21.897945,20.65848
WC-2022,M-2022-60,quarter-finals,0,1,2022-12-10,22:00,2022-12-10 22:00:00,Al Khor,Qatar,T-28,England,ENG,T-30,France,FRA,1,2,-1,1,0,0,18.2,17.8,17.45,15.720322,15.517706,15.299631,62.001465,64.64474,66.96909,18.709612,17.873556,17.388409
WC-2022,M-2022-61,semi-finals,0,1,2022-12-13,22:00,2022-12-13 22:00:00,Lusail,Qatar,T-03,Argentina,ARG,T-18,Croatia,HRV,3,0,3,-3,0,0,18.6,17.75,17.0,18.504343,17.553558,16.852747,74.3611,76.674034,79.872406,9.449572,9.290511,8.714677
WC-2022,M-2022-62,semi-finals,0,1,2022-12-14,22:00,2022-12-14 22:00:00,Al Khor,Qatar,T-30,France,FRA,T-47,Morocco,MAR,2,0,2,-2,0,0,20.85,21.35,20.75,22.045515,22.867737,22.359894,71.928764,70.202156,73.304855,4.8433046,2.9024127,2.5455842
WC-2022,M-2022-63,third-place match,0,1,2022-12-17,18:00,2022-12-17 18:00:00,Al Rayyan,Qatar,T-18,Croatia,HRV,T-47,Morocco,MAR,2,1,1,-1,0,0,22.0805,21.280499,20.630499,20.569782,20.313192,19.706125,60.68521,64.55679,67.62385,19.586119,16.363178,16.323528
WC-2022,M-2022-64,final,0,1,2022-12-18,18:00,2022-12-18 18:00:00,Lusail,Qatar,T-03,Argentina,ARG,T-30,France,FRA,3,3,0,0,1,1,21.3,20.6,19.9,19.885094,19.688965,19.2293,66.03668,70.5114,74.34157,20.371038,17.826363,16.575644
